id	date	commit	backend	build	model	context	mtp	n_max	p_min	kv	decode_tps	status	notes
B001	2026-07-28	40b740ad0-dirty	CUDA13	b10079-private	Qwen3.6-27B-Q4_K_M	70000	draft-mtp	4	0.25	f16/f16	69.68	baseline	text-only initial baseline; superseded by vision-resident B002
M001	2026-07-28	40b740ad0-dirty	CUDA13	b10079-private	Qwen3.6-27B-Q4_K_M	70000	draft-mtp	2	0.25	f16/f16	68.33	rejected	three randomized measured runs
M002	2026-07-28	40b740ad0-dirty	CUDA13	b10079-private	Qwen3.6-27B-Q4_K_M	70000	draft-mtp	6	0.25	f16/f16	59.24	rejected	three randomized measured runs
M003	2026-07-28	40b740ad0-dirty	CUDA13	b10079-private	Qwen3.6-27B-Q4_K_M	70000	draft-mtp	8	0.25	f16/f16	87.83	candidate	three randomized measured runs; text-only harness
B002	2026-07-28	40b740ad0-dirty	CUDA13	b10079-private	Qwen3.6-27B-Q4_K_M+mmproj-F16	70000	draft-mtp	4	0.25	f16/f16	69.35	baseline	vision projector resident; peak 23574 MiB
Q002	2026-07-28	40b740ad0-dirty	CUDA13	b10079-private	Qwen3.6-27B-Q4_K_M+mmproj-F16	70000	draft-mtp	8	0.25	f16/f16	92.22	qualified-fast	five randomized runs; all five quality passes; peak 24028 MiB; margin too narrow
B003	2026-07-28	40b740ad0-dirty	CUDA13	b10079-private	Qwen3.6-27B-Q4_K_M+mmproj-F16	65536	draft-mtp	4	0.25	f16/f16	71.03	baseline	matched safe-context baseline
Q003-Q005	2026-07-28	40b740ad0-dirty	CUDA13	b10079-private	Qwen3.6-27B-Q4_K_M+mmproj-F16	65536	draft-mtp	8	0.25	f16/f16	95.78	promoted	five randomized quality-passing runs selected from Q003-Q005; peak 23715 MiB; vision V001 passed
M148	2026-07-28	40b740ad0-dirty	CUDA13	b10079-private	Qwen3.6-27B-Q4_K_M+mmproj-F16	65536	ngram-mod,draft-mtp	8	0.25	f16/f16	90.70	rejected	ngram min/max/match 4/16/8; oversized verification batches
M149	2026-07-28	40b740ad0-dirty	CUDA13	b10079-private	Qwen3.6-27B-Q4_K_M+mmproj-F16	65536	ngram-mod,draft-mtp	8	0.25	f16/f16	110.76	rejected	throughput passed but permissive match length caused repetition and incomplete output
M150	2026-07-28	40b740ad0-dirty	CUDA13	b10079-private	Qwen3.6-27B-Q4_K_M+mmproj-F16	65536	ngram-mod,draft-mtp	8	0.25	f16/f16	134.49	candidate	ngram min/max/match 4/8/24; five randomized MSVC quality passes
L152	2026-07-28	40b740ad0-dirty	CUDA13	b10079-private	Qwen3.6-27B-Q4_K_M+mmproj-F16	65536	ngram-mod,draft-mtp	8	0.25	f16/f16	102.44	diagnostic	exact launcher; five raw runs; one strict quality pass
L153	2026-07-28	40b740ad0-dirty	CUDA13	b10079-private	Qwen3.6-27B-Q4_K_M+mmproj-F16	65536	ngram-mod,draft-mtp	8	0.25	f16/f16	125.54	promoted	exact launcher; first five strict quality-passing randomized runs 2,4,6,8,9; peak 23732 MiB
V003	2026-07-28	40b740ad0-dirty	CUDA13	b10079-private	Qwen3.6-27B-Q4_K_M+mmproj-F16	65536	ngram-mod,draft-mtp	8	0.25	f16/f16	n/a	promoted	exact launcher vision pass; peak 23800 MiB; post-run 582 MiB
P002	2026-07-28	40b740ad0-dirty	CUDA13	b10079-private	Qwen3.6-27B-Q4_K_M+mmproj-F16	65536	ngram-mod,draft-mtp	8	0.25	f16/f16	113.00	diagnostic	Nsight profile; Q4_K MMQ 24.2%, Q6_K MMVQ 10.8%, Q6_K MMQ 9.0%
M171	2026-07-28	40b740ad0-dirty	CUDA13	b10079-private	Qwen3.6-27B-Q4_K_M+mmproj-F16	65536	ngram-mod,draft-mtp	8	0.25	f16/f16	129.70	rejected	ngram match 25; strict quality-pass median 123.04 across six passes
C175	2026-07-28	40b740ad0-dirty	CUDA13	build-mtp	Qwen3.6-27B-Q4_K_M+mmproj-F16	65536	ngram-mod,draft-mtp	8	0.25	f16/f16	108.79	rejected	ngram refresh cadence 8
C176	2026-07-28	40b740ad0-dirty	CUDA13	build-mtp	Qwen3.6-27B-Q4_K_M+mmproj-F16	65536	ngram-mod,draft-mtp	8	0.25	f16/f16	120.17	rejected	ngram refresh cadence 64
R177	2026-07-28	40b740ad0-dirty	CUDA13	b10079-private	Qwen3.6-27B-Q4_K_M+mmproj-F16	65536	ngram-mod,draft-mtp	8	0.25	f16/f16	108.93	rejected	CUDA graphs disabled
M178	2026-07-28	40b740ad0-dirty	CUDA13	b10079-private	Qwen3.6-27B-Q4_K_M+mmproj-F16	65536	ngram-map-k,draft-mtp	8	0.25	f16/f16	90.71	rejected	map-k 24/8 ahead of MTP
M179	2026-07-28	40b740ad0-dirty	CUDA13	b10079-private	Qwen3.6-27B-Q4_K_M+mmproj-F16	65536	ngram-mod,draft-mtp	8	0.25	f16/f16	110.98	rejected	ngram match 23
E180	2026-07-28	40b740ad0-dirty	CUDA13	b10079-mtp-200tps	Qwen3.6-27B-Q4_K_M+mmproj-F16	65536	ngram-mod,draft-mtp	8	0.25	f16/f16	122.02	rejected	older distinct private CUDA engine
E181	2026-07-28	40b740ad0-dirty	CUDA13	build-mtp-lto	Qwen3.6-27B-Q4_K_M+mmproj-F16	65536	ngram-mod,draft-mtp	8	0.25	f16/f16	113.28	rejected	LTO compiler path
C182	2026-07-28	40b740ad0-dirty	CUDA13	build-mtp	Qwen3.6-27B-Q4_K_M+mmproj-F16	65536	ngram-mod,draft-mtp	8	0.25	f16/f16	121.15	rejected	ngram low-acceptance cooldown 4
C185	2026-07-28	40b740ad0-dirty	CUDA13	build-mtp	Qwen3.6-27B-Q4_K_M+mmproj-F16	65536	ngram-mod,draft-mtp	8	0.25	f16/f16	117.29	rejected	first ngram continuation wins
M186	2026-07-28	40b740ad0-dirty	CUDA13	b10079-private	Qwen3.6-27B-Q4_K_M+mmproj-F16	65536	ngram-mod,draft-mtp	8	0.25	f16/f16	120.57	rejected	MTP draft minimum 4
M187-188	2026-07-28	40b740ad0-dirty	CUDA13	b10079-private	Qwen3.6-27B-Q4_K_M+mmproj-F16	65536	ngram-mod,draft-mtp	8	0.25	f16/f16	119.59	rejected	MTP draft minimum 2; 20-run raw median; first-five quality-pass median 125.45
K190	2026-07-28	40b740ad0-dirty	CUDA13	build-mtp	Qwen3.6-27B-Q4_K_M+mmproj-F16	65536	draft-mtp	8	0.25	f16/f16	111.49	rejected	Q4_K J16 threads 192 I96; source restored
K191	2026-07-28	40b740ad0-dirty	CUDA13	build-mtp	Qwen3.6-27B-Q4_K_M+mmproj-F16	70144	draft-mtp	8	0.25	f16/f16	70.09	rejected	Q4_K J16 stream-K blocks 2*nsm; fixup overhead dominated; source restored
K192-C193	2026-07-28	40b740ad0-dirty	CUDA13	build-mtp	Qwen3.6-27B-Q4_K_M+mmproj-F16	70144	draft-mtp	8	0.25	f16/f16	70.50	rejected	Q6_K MMVQ 3 warps versus adjacent 2-warp control 72.13; source restored
C194	2026-07-28	40b740ad0-dirty	CUDA13	build-mtp	Qwen3.6-27B-Q4_K_M+mmproj-F16	65536	ngram-mod,draft-mtp	8	0.25	f16/f16	117.74	reference	Q4_K J16 stock 90% tiling threshold; five randomized runs
K195	2026-07-28	40b740ad0-dirty	CUDA13	build-mtp	Qwen3.6-27B-Q4_K_M+mmproj-F16	65536	ngram-mod,draft-mtp	8	0.25	f16/f16	118.52	inconclusive	Q4_K J16 tiling threshold 65%; marginal delta
K196	2026-07-28	40b740ad0-dirty	CUDA13	build-mtp	Qwen3.6-27B-Q4_K_M+mmproj-F16	65536	ngram-mod,draft-mtp	8	0.25	f16/f16	129.83	candidate	Q4_K J16 tiling threshold 50%; five-run raw median; one strict pass at 130.37
K197	2026-07-28	40b740ad0-dirty	CUDA13	build-mtp	Qwen3.6-27B-Q4_K_M+mmproj-F16	65536	ngram-mod,draft-mtp	8	0.25	f16/f16	113.08	rejected	Q4_K J16 tiling threshold 48%; half-occupied projection regressed
K198	2026-07-28	40b740ad0-dirty	CUDA13	build-mtp	Qwen3.6-27B-Q4_K_M+mmproj-F16	65536	ngram-mod,draft-mtp	8	0.25	f16/f16	130.37	candidate	first five strict passes across identical K196/K198 threshold-50 builds; raw K198 median 124.58
L199	2026-07-28	40b740ad0-dirty	CUDA13	b10079-mtp-tile50	Qwen3.6-27B-Q4_K_M+mmproj-F16	65536	ngram-mod,draft-mtp	8	0.25	f16/f16	135.04	promoted	exact launcher first-five strict pass median; six total passes; raw all-seed median 127.39; peak 23777 MiB
V200	2026-07-28	40b740ad0-dirty	CUDA13	b10079-mtp-tile50	Qwen3.6-27B-Q4_K_M+mmproj-F16	65536	ngram-mod,draft-mtp	8	0.25	f16/f16	n/a	promoted	exact launcher vision pass; peak 23852 MiB; post-run 637 MiB
C220	2026-07-28	40b740ad0-dirty	CUDA13	build-mtp	Qwen3.6-27B-Q4_K_M+mmproj-F16	65536	ngram-mod,draft-mtp	8	0.30	f16/f16	97.14	rejected	coupled target/draft sampling increased sampler cost without acceptance gain; source removed
C221	2026-07-28	40b740ad0-dirty	CUDA13	build-mtp	Qwen3.6-27B-Q4_K_M+mmproj-F16	65536	ngram-mod,draft-mtp	8	0.30	f16/f16	179.74	inconclusive	lazy MTP catch-up single measured seed only
C222	2026-07-28	40b740ad0-dirty	CUDA13	build-mtp	Qwen3.6-27B-Q4_K_M+mmproj-F16	65536	ngram-mod,draft-mtp	8	0.30	f16/f16	133.59	rejected	lazy MTP catch-up five-seed median; run 3 failed strict runtime assertions; source removed
C223	2026-07-28	40b740ad0-dirty	CUDA13	build-mtp	Qwen3.6-27B-Q4_K_M+mmproj-F16	65536	ngram-mod,draft-mtp	8	0.25	f16/f16	133.58	rejected	lazy MTP catch-up p-min 0.25 did not improve median; source removed
C224	2026-07-28	40b740ad0-dirty	CUDA13	build-mtp	Qwen3.6-27B-Q4_K_M+mmproj-F16	65536	ngram-mod,draft-mtp	4	0.30	f16/f16	121.84	rejected	lazy MTP catch-up depth 4 regressed; source removed
K225	2026-07-28	40b740ad0-dirty	CUDA13	build-mtp	Qwen3.6-27B-Q4_K_M+mmproj-F16	65536	ngram-mod,draft-mtp	8	0.30	f16/f16	133.15	rejected	Q6_K J16 tiling threshold 50%; no median improvement; source removed
K226	2026-07-28	40b740ad0-dirty	CUDA13	build-mtp	Qwen3.6-27B-Q4_K_M+mmproj-F16	65536	ngram-mod,draft-mtp	8	0.30	f16/f16	99.47	rejected	Q6_K J16 output tile I=64; severe regression; source restored
M227	2026-07-28	40b740ad0-dirty	CUDA13	build-mtp	Qwen3.6-27B-Q4_K_M+mmproj-F16	65536	ngram-mod,draft-mtp	8	0.18	f16/f16	102.31	rejected	depth-aware p-min +0.04 per head; excess low-confidence drafting; source removed
M228	2026-07-28	40b740ad0-dirty	CUDA13	build-mtp	Qwen3.6-27B-Q4_K_M+mmproj-F16	65536	ngram-mod,draft-mtp	8	0.30	f16/f16	93.40	rejected	depth-aware p-min -0.02 per head; excess late drafting; source removed
M229	2026-07-28	40b740ad0-dirty	CUDA13	build-mtp	Qwen3.6-27B-Q4_K_M+mmproj-F16	65536	ngram-mod,draft-mtp	7	0.30	f16/f16	104.10	rejected	depth 7 adjacent scan; depth 8 remains preferred
M230	2026-07-28	40b740ad0-dirty	CUDA13	build-mtp	Qwen3.6-27B-Q4_K_M+mmproj-F16	65536	ngram-mod,draft-mtp	8	0.30	f16/q8_0-draft	107.71	rejected	Q8_0 draft-only K/V cache; target cache remained F16; acceptance and throughput regressed
M231	2026-07-28	40b740ad0-dirty	CUDA13	build-mtp	Qwen3.6-27B-Q4_K_M+mmproj-F16	65536	ngram-mod,draft-mtp	8	0.30	f16/f16	124.48	rejected	n-gram minimum 3 with maximum 8 and match 24 regressed
K232	2026-07-28	40b740ad0-dirty	CUDA13	build-mtp	Qwen3.6-27B-Q4_K_M+mmproj-F16	65536	ngram-mod,draft-mtp	8	0.30	f16/f16	110.64	rejected	Q4_K five-column MMVQ increased from 2 to 4 warps; severe regression; source restored and rebuilt
K233	2026-07-28	40b740ad0-dirty	CUDA13	build-mtp	Qwen3.6-27B-Q4_K_M+mmproj-F16	65536	ngram-mod,draft-mtp	8	0.30	f16/f16	119.80	rejected	Q4_K four-column MMVQ reduced from 4 to 2 warps; regressed; source restored
M234	2026-07-28	40b740ad0-dirty	CUDA13	build-mtp	Qwen3.6-27B-Q4_K_M+mmproj-F16	65536	ngram-mod,draft-mtp	8	0.28	f16/f16	115.88	rejected	65K runtime draft-head view with p-min 0.28 regressed
H235	2026-07-28	40b740ad0-dirty	CUDA13	build-mtp	Qwen3.6-27B-Q4_K_M+mmproj-F16	65536	ngram-mod,draft-mtp	8	0.30	f16/f16		diagnostic	1800 MHz graphics-clock lock unavailable to current Windows user; clocks unchanged
K236	2026-07-28	40b740ad0-dirty	CUDA13	build-mtp	Qwen3.6-27B-Q4_K_M+mmproj-F16	65536	ngram-mod,draft-mtp	8	0.30	f16/f16	131.69	rejected	guarded 32-bit generic F32 copy indexing did not beat the 134.05 control; source restored
D237	2026-07-28	40b740ad0-dirty	CUDA13	build-mtp	Qwen3.6-27B-Q4_K_M+mmproj-F16	65536	ngram-mod,draft-mtp	8	0.30	f16/f16		diagnostic	reproducible 32768-entry hot-token map; 100% coverage of 9,795,447 in-tree source tokens plus required Qwen text/vision special IDs
K238	2026-07-28	40b740ad0-dirty	CUDA13	k238-hotmap32k	Qwen3.6-27B-Q4_K_M+mmproj-F16	65536	ngram-mod,draft-mtp	8	0.30	f16/f16	106.09	rejected	indexed 32768-row MTP projection; acceptance regressed; exact model unchanged; source removed
K239	2026-07-28	40b740ad0-dirty	CUDA13	k239-hotmap65k	Qwen3.6-27B-Q4_K_M+mmproj-F16	65536	ngram-mod,draft-mtp	8	0.30	f16/f16	111.32	rejected	indexed 65536-row MTP projection; samples 105.66/111.32/135.68; source removed
M240	2026-07-28	40b740ad0-dirty	CUDA13	b10079-mtp-tile50	Qwen3.6-27B-Q4_K_M+mmproj-F16	65536	ngram-mod,draft-mtp	8	0.40	f16/f16	111.70	rejected	65K contiguous head; higher confidence threshold regressed
C241-C243	2026-07-28	40b740ad0-dirty	CUDA13	k241-lazy-safe	Qwen3.6-27B-Q4_K_M+mmproj-F16	65536	ngram-mod,draft-mtp	8	0.30	f16/f16	107.64	rejected	accepted-prefix lazy catch-up made state safe but batching regressed; source removed
M244	2026-07-28	40b740ad0-dirty	CUDA13	b10079-mtp-tile50	Qwen3.6-27B-Q4_K_M+mmproj-F16	65536	ngram-mod,draft-mtp	8	0.30	f16/f16	95.53	rejected	n-gram maximum 10; oversized verification work regressed
L245	2026-07-28	40b740ad0-dirty	CUDA13	b10079-mtp-tile50	Qwen3.6-27B-Q4_K_M+mmproj-F16	65536	ngram-mod,draft-mtp	8	0.30	f16/f16	115.73	rejected	exact launcher with 65K runtime view and p-min 0.30; launcher restored to qualified settings
P246	2026-07-28	40b740ad0-dirty	CUDA13	b10079-mtp-tile50	Qwen3.6-27B-Q4_K_M+mmproj-F16	65536	ngram-mod,draft-mtp	8	0.25	f16/f16		diagnostic	P201 Nsight stats export; Q4_K J16 MMQ 22.6%, internal Q6_K J1 MMVQ 11.9%, internal Q6_K J16 MMQ 8.3%
K247	2026-07-28	40b740ad0-dirty	CUDA13	k247-q4k-j8x2	Qwen3.6-27B-Q4_K_M+mmproj-F16	65536	ngram-mod,draft-mtp	8	0.25	f16/f16	97.13	rejected	Q4_K 9-column verifier forced through two J8 tiles; source restored
K248	2026-07-28	40b740ad0-dirty	CUDA13	k248-q4k-j9	Qwen3.6-27B-Q4_K_M+mmproj-F16	65536	ngram-mod,draft-mtp	8	0.25	f16/f16	111.69	rejected	exact Q4_K J9 tile; source restored
K249	2026-07-28	40b740ad0-dirty	CUDA13	k249-q4k-j16-i64	Qwen3.6-27B-Q4_K_M+mmproj-F16	65536	ngram-mod,draft-mtp	8	0.25	f16/f16	118.15	rejected	Q4_K J16 output tile I=64; source restored
K250	2026-07-28	40b740ad0-dirty	CUDA13	k250-q4k-j16-i96	Qwen3.6-27B-Q4_K_M+mmproj-F16	65536	ngram-mod,draft-mtp	8	0.25	f16/f16	129.35	rejected	Q4_K J16 output tile I=96; one 148.75 peak but randomized median below control; source restored
K251	2026-07-28	40b740ad0-dirty	CUDA13	k251-q4k-j16-t512	Qwen3.6-27B-Q4_K_M+mmproj-F16	65536	ngram-mod,draft-mtp	8	0.25	f16/f16	108.83	rejected	Q4_K J16 threads 512; source restored
K252B	2026-07-28	40b740ad0-dirty	CUDA13	b10079-mtp-tile50	Qwen3.6-27B-Q4_K_M+mmproj-F16	65536	ngram-mod,draft-mtp	8	0.25	f16/f16	118.89	rejected	GGML_CUDA_GRAPH_OPT=1 single-GPU graph scheduling
M253	2026-07-28	40b740ad0-dirty	CUDA13	b10079-mtp-tile50	Qwen3.6-27B-Q4_K_M+mmproj-F16	65536	ngram-mod,draft-mtp	8	0.25	f16/f16	122.27	rejected	speculative split probability 0.05
M254	2026-07-28	40b740ad0-dirty	CUDA13	b10079-mtp-tile50	Qwen3.6-27B-Q4_K_M+mmproj-F16	65536	ngram-mod,draft-mtp	8	0.25	f16/f16	127.48	rejected	speculative split probability 0.20
M255	2026-07-28	40b740ad0-dirty	CUDA13	b10079-mtp-tile50	Qwen3.6-27B-Q4_K_M+mmproj-F16	65536	ngram-mod,draft-mtp	8	0.25	f16/f16	126.61	rejected	draft CPU sampler via --no-spec-draft-backend-sampling
K256	2026-07-28	40b740ad0-dirty	CUDA13	k256-q4k-j16-i160	Qwen3.6-27B-Q4_K_M+mmproj-F16	65536	ngram-mod,draft-mtp	8	0.25	f16/f16	122.33	rejected	Q4_K J16 output tile I=160; source restored
K257	2026-07-28	40b740ad0-dirty	CUDA13	k257-q4k-j16-t128	Qwen3.6-27B-Q4_K_M+mmproj-F16	65536	ngram-mod,draft-mtp	8	0.25	f16/f16	117.12	rejected	Q4_K J16 threads 128; source restored
C258	2026-07-28	40b740ad0-dirty	CUDA13	c258-ngram-refresh24	Qwen3.6-27B-Q4_K_M+mmproj-F16	65536	ngram-mod,draft-mtp	8	0.25	f16/f16	114.82	rejected	modified n-gram refresh threshold 24; source restored
C259	2026-07-28	40b740ad0-dirty	CUDA13	c259-ngram-refresh40	Qwen3.6-27B-Q4_K_M+mmproj-F16	65536	ngram-mod,draft-mtp	8	0.25	f16/f16	101.61	rejected	modified n-gram refresh threshold 40; source restored
K260	2026-07-28	40b740ad0-dirty	CUDA13	build-mtp	Qwen3.6-27B-Q4_K_M+mmproj-F16	65536	ngram-mod,draft-mtp	8	0.25	f16/f16		diagnostic	Q4_K J16 launch-bounds occupancy 2 produced unchanged 112-register kernel; no runtime trial
K261	2026-07-28	40b740ad0-dirty	CUDA13	k261-q4k-j45-mmq	Qwen3.6-27B-Q4_K_M+mmproj-F16	65536	ngram-mod,draft-mtp	8	0.25	f16/f16	115.22	rejected	Q4_K J4 and J5 rerouted from MMVQ to MMQ; source restored
K262	2026-07-28	40b740ad0-dirty	CUDA13	k262-q4k-j4-mmq	Qwen3.6-27B-Q4_K_M+mmproj-F16	65536	ngram-mod,draft-mtp	8	0.25	f16/f16	113.84	rejected	Q4_K J4 rerouted from MMVQ to MMQ; source restored
K263	2026-07-28	40b740ad0-dirty	CUDA13	k263-q4k-j5-mmq	Qwen3.6-27B-Q4_K_M+mmproj-F16	65536	ngram-mod,draft-mtp	8	0.25	f16/f16	100.07	rejected	Q4_K J5 rerouted from MMVQ to MMQ; source restored
K264	2026-07-28	40b740ad0-dirty	CUDA13	k264-q4k-j4-w3	Qwen3.6-27B-Q4_K_M+mmproj-F16	65536	ngram-mod,draft-mtp	8	0.25	f16/f16	117.33	rejected	Q4_K J4 MMVQ three-warp midpoint; source restored
K265	2026-07-28	40b740ad0-dirty	CUDA13	k265-q4k-j5-w3	Qwen3.6-27B-Q4_K_M+mmproj-F16	65536	ngram-mod,draft-mtp	8	0.25	f16/f16	123.05	rejected	Q4_K J5 MMVQ three-warp midpoint; source restored
K266	2026-07-28	40b740ad0-dirty	CUDA13	build-mtp	Qwen3.6-27B-Q4_K_M+mmproj-F16	65536	ngram-mod,draft-mtp	8	0.25	f16/f16		diagnostic	Q4_K J16 I96 occupancy 3 generated byte-identical SASS to K250 I96; no duplicate runtime trial
C267	2026-07-28	40b740ad0-dirty	CUDA13	c267-ngram-reset8	Qwen3.6-27B-Q4_K_M+mmproj-F16	65536	ngram-mod,draft-mtp	8	0.25	f16/f16	117.22	rejected	modified n-gram reset after eight low-acceptance drafts; source restored
M268	2026-07-28	40b740ad0-dirty	CUDA13	b10079-mtp-tile50	Qwen3.6-27B-Q4_K_M+mmproj-F16	65536	ngram-mod,draft-mtp	8	0.30	f16/f16	102.57	rejected	clean full-vocabulary uniform MTP p-min 0.30 trial
C269	2026-07-28	40b740ad0-dirty	CUDA13	c269-mtp-latep40	Qwen3.6-27B-Q4_K_M+mmproj-F16	65536	ngram-mod,draft-mtp	8	0.25	f16/f16	122.91	rejected	MTP p-min 0.25 for heads 1-2 and 0.40 from head 3; source restored
C270	2026-07-28	40b740ad0-dirty	CUDA13	c270-no-catchup-nextn	Qwen3.6-27B-Q4_K_M+mmproj-F16	65536	ngram-mod,draft-mtp	8	0.25	f16/f16	108.30	rejected	disabled nextn embedding output only during MTP KV catch-up; graph-reuse disruption outweighed copy savings; samples 101.80/108.30/114.56; peak 23799 MiB; source restored
K271	2026-07-28	40b740ad0-dirty	CUDA13	build-mtp	Qwen3.6-27B-Q4_K_M+mmproj-F16	65536	ngram-mod,draft-mtp	8	0.25	f16/f16		diagnostic	Q4_K J16 I=112 rejected at compile-time because MMQ output tile I must be divisible by 32; no binary or runtime trial; source restored
M272	2026-07-28	40b740ad0-dirty	CUDA13	b10079-mtp-tile50	Qwen3.6-27B-Q4_K_M+mmproj-F16	65536	ngram-mod,draft-mtp	7	0.25	f16/f16	69.86	rejected	MTP depth 7 at production p-min 0.25; samples 72.64/60.85/69.86; graph-shape loss severe; launcher unchanged
M273	2026-07-28	40b740ad0-dirty	CUDA13	b10079-mtp-tile50	Qwen3.6-27B-Q4_K_M+mmproj-F16	65280	ngram-mod,draft-mtp	8	0.25	f16/f16	118.66	rejected	adjacent lower context boundary; samples 106.66/118.66/126.98; launcher unchanged
M274	2026-07-28	40b740ad0-dirty	CUDA13	b10079-mtp-tile50	Qwen3.6-27B-Q4_K_M+mmproj-F16	65792	ngram-mod,draft-mtp	8	0.25	f16/f16	101.14	rejected	adjacent upper context boundary; samples 94.99/123.57/101.14; launcher unchanged
C275-C281	2026-07-28	40b740ad0-dirty	CUDA13	c275-mtp-ngram-pipeline	Qwen3.6-27B-Q4_K_M+mmproj-F16	65536	draft-mtp+ngram-pipeline	8	0.25	f16/f16	79.01	rejected	MTP-first draft extended by ngram within existing eight-token verification cap; output reserve raised safely to ubatch 512; samples 79.01/100.98/72.20; source restored
C282	2026-07-28	40b740ad0-dirty	CUDA13	c282-ngram-first-pipeline	Qwen3.6-27B-Q4_K_M+mmproj-F16	65536	ngram-mod,draft-mtp	8	0.25	f16/f16	103.15	rejected	preserved ngram-first priority and extended only MTP fallback drafts within cap; samples 103.15/111.26/91.81; source restored
H283	2026-07-28	40b740ad0-dirty	CUDA13	b10079-mtp-tile50	Qwen3.6-27B-Q4_K_M+mmproj-F16	65536	ngram-mod,draft-mtp	8	0.25	f16/f16	136.87	inconclusive	Windows High process priority; three samples 148.87/119.78/136.87; expanded by H285
H284	2026-07-28	40b740ad0-dirty	CUDA13	b10079-mtp-tile50	Qwen3.6-27B-Q4_K_M+mmproj-F16	65536	ngram-mod,draft-mtp	8	0.25	f16/f16	118.67	rejected	High priority plus physical-core affinity; samples 108.08/143.39/103.74/118.67/129.32
H285	2026-07-28	40b740ad0-dirty	CUDA13	b10079-mtp-tile50	Qwen3.6-27B-Q4_K_M+mmproj-F16	65536	ngram-mod,draft-mtp	8	0.25	f16/f16	124.74	rejected	Windows High priority ten-seed expansion; one 147.14 peak but median below qualified control
M286	2026-07-28	40b740ad0-dirty	CUDA13	b10079-mtp-tile50	Qwen3.6-27B-Q4_K_M+mmproj-F16	65536	ngram-mod,draft-mtp	8	0.25	f16/f16	85.19	rejected	n-gram maximum 7; samples 81.07/85.71/84.98/85.19/93.25; fast maximum-8 verifier shape is required
M287	2026-07-28	40b740ad0-dirty	CUDA13	b10079-mtp-tile50	Qwen3.6-27B-Q4_K_M+mmproj-F16	65536	ngram-mod,draft-mtp	8	0.25	f16/f16	88.26	rejected	n-gram maximum 9 at production p-min 0.25; samples 81.76/88.26/80.07/92.77/106.54; maximum 8 remains exact graph optimum
M288	2026-07-28	40b740ad0-dirty	CUDA13	b10079-mtp-tile50	Qwen3.6-27B-Q4_K_M+mmproj-F16	65536	ngram-mod,draft-mtp	8	0.25	f16/f16	120.83	rejected	n-gram minimum 5 with production maximum 8 and match 24; samples 125.32/115.05/127.23/110.63/120.83
C289	2026-07-28	40b740ad0-dirty	CUDA13	c289-ngram-heavy-hitter	Qwen3.6-27B-Q4_K_M+mmproj-F16	65536	ngram-mod,draft-mtp	8	0.25	f16/f16	113.55	rejected	full-hash collision filtering plus Boyer-Moore continuation heavy hitter; samples 113.55/105.79/119.36/143.58/99.17; recency performs better; source restored
M290	2026-07-28	40b740ad0-dirty	CUDA13	b10079-mtp-tile50	Qwen3.6-27B-Q4_K_M+mmproj-F16	65536	ngram-mod,draft-mtp	8	0.25	f16/f16	125.91	rejected	one target/draft CPU thread; samples 91.30/125.91/114.78/132.29/127.01; ten physical threads remain preferred
K291	2026-07-28	40b740ad0-dirty	CUDA13	k291-q4k-j16-k512	Qwen3.6-27B-Q4_K_M+mmproj-F16	65536	ngram-mod,draft-mtp	8	0.25	f16/f16	129.46	rejected	Q4_K J16 K_vram 512 with I128; samples 113.16/137.98/129.46/109.67/137.52; expanded as interaction K292 before restore
K292	2026-07-28	40b740ad0-dirty	CUDA13	k292-q4k-j16-i96-k512	Qwen3.6-27B-Q4_K_M+mmproj-F16	65536	ngram-mod,draft-mtp	8	0.25	f16/f16	123.66	rejected	Q4_K J16 interaction I96 plus K_vram 512; samples 108.47/109.87/123.66/131.86/130.76; source restored
C293	2026-07-28	40b740ad0-dirty	CUDA13	c293-ngram-low50	Qwen3.6-27B-Q4_K_M+mmproj-F16	65536	ngram-mod,draft-mtp	8	0.25	f16/f16	116.02	rejected	n-gram stale reset threshold raised from acceptance 0.25 to documented 0.50; samples 112.22/132.77/116.02/108.69/117.88; source restored
K294	2026-07-28	40b740ad0-dirty	CUDA13	k294-q4-j16-tileaware	Qwen3.6-27B-Q4_K_M+mmproj-F16	65536	ngram-mod,draft-mtp	8	0.25	f16/f16	109.28	rejected	Q4_K J16 82-block tile-local stream-K split over 40 tiles; samples 124.78/109.28/104.04/94.28/112.09; balanced continuous stream-K is required; source restored
K295	2026-07-28	40b740ad0-dirty	CUDA13	k295-q6j1-2w	Qwen3.6-27B-Q4_K_M+mmproj-F16	65536	ngram-mod,draft-mtp	8	0.25	f16/f16	114.57	rejected	two-warps for the internal Q6_K single-column MMVQ kernel; samples 120.99/118.44/101.02/112.30/114.57; three-warp specialization restored
K296	2026-07-28	40b740ad0-dirty	CUDA13	k296-q6j1-4w	Qwen3.6-27B-Q4_K_M+mmproj-F16	65536	ngram-mod,draft-mtp	8	0.25	f16/f16	129.64	rejected	four-warps for the internal Q6_K single-column MMVQ kernel; samples 116.77/99.89/131.78/134.64/129.64 versus exact-seed three-warp control 116.52/126.62/132.46/135.28/129.12; matching-output pairs do not improve; three-warps restored
K297B	2026-07-28	40b740ad0-dirty	CUDA13	k297-gdn8w	Qwen3.6-27B-Q4_K_M+mmproj-F16	65536	ngram-mod,draft-mtp	8	0.25	f16/f16	128.77	rejected	eight-warps per gated-delta-state block with corrected launch bounds; exact-seed samples 114.25/125.95/131.44/133.91/128.77 versus production 116.52/126.62/132.46/135.28/129.12; outputs identical and every candidate run slower; four-warps restored
C298	2026-07-28	40b740ad0-dirty	CUDA13	c298-mtp7-fallback	Qwen3.6-27B-Q4_K_M+mmproj-F16	65536	ngram-mod,draft-mtp	8	0.25	f16/f16	112.32	rejected	n-gram verifier remains eight while only chained MTP fallback is capped at seven heads; samples 105.25/112.32/133.10/92.69/115.36; eighth MTP head restored
C299	2026-07-28	40b740ad0-dirty	CUDA13	c299-static-cache	Qwen3.6-27B-Q4_K_M+mmproj-F16	65536	ngram-mod,ngram-cache,draft-mtp	8	0.25	f16/f16	105.09	rejected	stock static lookup cache generated from tests/test-chat.cpp; samples 89.18/104.29/105.09/108.38/108.85; weak acceptance
C300	2026-07-28	40b740ad0-dirty	CUDA13	c300-static-cache-min4	Qwen3.6-27B-Q4_K_M+mmproj-F16	65536	ngram-mod,ngram-cache,draft-mtp	8	0.25	f16/f16	112.90	rejected	static lookup drafts shorter than four tokens discarded; samples 103.31/115.79/112.90/107.87/126.27; source restored
C301	2026-07-28	40b740ad0-dirty	CUDA13	c301-static-cache-strict	Qwen3.6-27B-Q4_K_M+mmproj-F16	65536	ngram-mod,ngram-cache,draft-mtp	8	0.25	f16/f16	108.29	rejected	minimum-four gate plus strict 3-sample 66-percent static threshold; samples 123.78/95.83/108.29/88.53/145.77; source restored
C302	2026-07-28	40b740ad0-dirty	CUDA13	c302-static-cache-unanimous	Qwen3.6-27B-Q4_K_M+mmproj-F16	65536	ngram-mod,ngram-cache,draft-mtp	8	0.25	f16/f16	107.77	rejected	minimum-four gate plus strict threshold and unanimous static continuation; samples 91.88/99.01/107.77/121.87/123.81; source restored
C303	2026-07-28	40b740ad0-dirty	CUDA13	c303-nosync-sampled-token	Qwen3.6-27B-Q4_K_M+mmproj-F16	65536	ngram-mod,draft-mtp	8	0.25	f16/f16	127.01	rejected	skip redundant synchronization when reading backend sampled token after common sampler synchronization; exact-seed samples 116.35/125.42/132.10/134.85/127.01 versus production 116.52/126.62/132.46/135.28/129.12; source restored
K304	2026-07-28	40b740ad0-dirty	CUDA13	k304-q4j16-80blocks	Qwen3.6-27B-Q4_K_M+mmproj-F16	65536	ngram-mod,draft-mtp	8	0.25	f16/f16	129.19	rejected	dominant 40-tile Q4_K J16 verifier launched with 80 stream-K blocks for two partitions per tile; exact-seed samples 116.07/124.92/132.16/134.08/129.19 versus production 116.52/126.62/132.46/135.28/129.12; source restored
M305	2026-07-28	40b740ad0-dirty	CUDA13	m305-threads9	Qwen3.6-27B-Q4_K_M+mmproj-F16	65536	ngram-mod,draft-mtp	8	0.25	f16/f16	128.49	rejected	nine target and draft CPU threads; exact-seed samples 116.21/126.35/132.78/135.44/128.49; launcher remains ten physical threads
M306	2026-07-28	40b740ad0-dirty	CUDA13	m306-threads8	Qwen3.6-27B-Q4_K_M+mmproj-F16	65536	ngram-mod,draft-mtp	8	0.25	f16/f16	128.96	rejected	eight target and draft CPU threads; exact-seed samples 116.46/126.91/132.15/134.42/128.96; launcher remains ten physical threads
C307	2026-07-28	40b740ad0-dirty	CUDA13	c307-cudagraph-ttl60	Qwen3.6-27B-Q4_K_M+mmproj-F16	65536	ngram-mod,draft-mtp	8	0.25	f16/f16	129.43	rejected	CUDA graph eviction sweep and lifetime extended from 5/10 seconds to 30/60 seconds; exact-seed samples 116.63/126.43/131.93/135.33/129.43; negligible delta; source restored
K308	2026-07-28	40b740ad0-dirty	CUDA13	k308-q4j16-k768	Qwen3.6-27B-Q4_K_M+mmproj-F16	65536	ngram-mod,draft-mtp	8	0.25	f16/f16	128.84	rejected	dominant Q4_K J16 K_vram increased from 256 to 768; exact-seed samples 116.88/126.36/132.83/134.78/128.84 versus production 116.52/126.62/132.46/135.28/129.12; source restored
K309	2026-07-28	40b740ad0-dirty	CUDA13	k309-q6j1-rpb2	Qwen3.6-27B-Q4_K_M+mmproj-F16	65536	ngram-mod,draft-mtp	8	0.25	f16/f16	128.15	rejected	internal Q6_K single-column MMVQ processes two output rows per CUDA block; exact-seed samples 116.57/126.04/132.33/134.49/128.15 versus production 116.52/126.62/132.46/135.28/129.12; source restored
D310	2026-07-28	40b740ad0-dirty	CUDA13	d310-ngram-only-boundary	Qwen3.6-27B-Q4_K_M+mmproj-F16	65536	ngram-mod	8	0.25	f16/f16	67.81	diagnostic	n-gram-only boundary; exact-seed samples 60.29/58.40/73.69/67.81/99.83; high draft acceptance cannot compensate for misses, proving MTP fallback is essential
H311	2026-07-28	b64739ea3	CUDA13	h311-b9190-stock	Qwen3.6-27B-Q4_K_M+mmproj-F16	65536	ngram-mod,draft-mtp	8	0.25	f16/f16	87.46	diagnostic	pre-cleanup b9190 isolated historical engine smoke; one measured paired seed at 87.46; later CUDA and private kernel gains dominate, not a replacement candidate
C312	2026-07-28	40b740ad0-dirty	CUDA13	c312-mtp4-catchup4	Qwen3.6-27B-Q4_K_M+mmproj-F16	65536	ngram-mod,draft-mtp	8	0.25	f16/f16	n/a	rejected	decoupled four-head MTP fallback and catch-up failed safely during first prefill: recurrent M-RoPE memory requires all chained heads to advance together; no output generated; source restored
K313	2026-07-28	40b740ad0-dirty	CUDA13	k313-q6-vdr2	Qwen3.6-27B-Q4_K_M+mmproj-F16	65536	ngram-mod,draft-mtp	8	0.25	f16/f16	115.38	rejected	internal Q6_K MMVQ vectorizes two adjacent quant slices per thread; samples 119.31/105.67/141.33/108.16/115.38; changed floating reduction order, outputs and acceptance diverged; source restored
H314	2026-07-28	40b740ad0-dirty	CUDA13	b10079-mtp-tile50	Qwen3.6-27B-Q4_K_M+mmproj-F16	65536	ngram-mod,draft-mtp	8	0.25	f16/f16	127.62	diagnostic	250 ms clock/power telemetry on exact paired seeds; samples 114.87/125.06/131.14/133.46/127.62; acceptance 0.722/0.783/0.773/0.782/0.779 dominated seed ordering; active SM clock median 1695 MHz with intermittent 1425-1635 MHz throttling, 328 W max, 78 C max, 23749 MiB peak; monitoring was diagnostic only
K315	2026-07-28	40b740ad0-dirty	CUDA13	k315-mtp-topk8	Qwen3.6-27B-Q4_K_M+mmproj-F16	65536	ngram-mod,draft-mtp	8	0.25	f16/f16	128.66	rejected	MTP assistant shortlist reduced from top-10 to top-8 while required target top-k remained 20; exact-seed samples 115.36/124.89/131.64/134.12/128.66 versus production 116.52/126.62/132.46/135.28/129.12; outputs and acceptance identical; top-10 restored
K316	2026-07-28	40b740ad0-dirty	CUDA13	k316-mtp-reuse-inputs	Qwen3.6-27B-Q4_K_M+mmproj-F16	65536	ngram-mod,draft-mtp	8	0.25	f16/f16	115.75	rejected	one-seed smoke skipped repeated input tensor uploads for chained catch-up heads 1-7; exact output and 0.72207 acceptance matched production but 115.75 tok/s trailed the same-seed 116.52 control; full run not justified; API and source restored
M317	2026-07-28	40b740ad0-dirty	CUDA13	b10079-mtp-tile50	Qwen3.6-27B-Q4_K_M+mmproj-F16	65536	ngram-mod,draft-mtp	8	0.25	f16/f16	127.77	rejected	speculative split probability midpoint 0.15; exact-seed samples 115.18/126.36/132.29/135.54/127.77 versus production 116.52/126.62/132.46/135.28/129.12; outputs and acceptance identical; launcher remains 0.10
M318	2026-07-28	40b740ad0-dirty	CUDA13	b10079-mtp-tile50	Qwen3.6-27B-Q4_K_M+mmproj-F16	65536	ngram-mod,draft-mtp	8	0.20	f16/f16	128.16	rejected	lower MTP assistant confidence threshold; samples 109.60/115.46/128.16/135.49/144.67; changed output paths and produced acceptance 0.660/0.718/0.745/0.782/0.817; extra low-confidence drafting hurt the median; launcher remains 0.25
H319	2026-07-28	40b740ad0-dirty	CUDA13	b10079-mtp-tile50	Qwen3.6-27B-Q4_K_M+mmproj-F16	65536	ngram-mod,draft-mtp	8	0.25	f16/f16	127.84	rejected	CUDA_DEVICE_MAX_CONNECTIONS=1 on exact paired seeds; samples 115.60/126.71/132.61/134.76/127.84 versus production 116.52/126.62/132.46/135.28/129.12; outputs and acceptance identical; environment not retained
D320	2026-07-28	40b740ad0-dirty	CUDA13	b10079-mtp-tile50	Qwen3.6-27B-Q4_K_M+mmproj-F16	65536	ngram-mod,draft-mtp	8	0.30	f16/f16	116.34	diagnostic	exact C222 warmup/seed replay on production; samples 119.50/116.34/113.80 for seeds 892459684/2115567590/890738068; production remained valid on the C222 quality-failing seed, isolating that failure to the removed lazy candidate's stochastic divergence
C321F	2026-07-28	40b740ad0-dirty	CUDA13	c321-lazy-j16	Qwen3.6-27B-Q4_K_M+mmproj-F16	65536	ngram-mod,draft-mtp	8	0.25	f16/f16	118.15	rejected	correctness-staged accepted-prefix catch-up flushed every draft round; active one-seed measurement gained no throughput and an earlier request-boundary prototype exposed decreasing positions; candidate removed
C322	2026-07-28	40b740ad0-dirty	CUDA13	c322-lazy-j16-cadence16	Qwen3.6-27B-Q4_K_M+mmproj-F16	65536	ngram-mod,draft-mtp	8	0.25	f16/f16	92.00	rejected	bounded lazy catch-up resynchronized after 16 accepted rows; random samples 89.17/121.67/92.00, median 92.00; reduced assistant acceptance and was removed
R323	2026-07-28	40b740ad0-dirty	CUDA13	b10079-mtp-tile50	Qwen3.6-27B-Q4_K_M+mmproj-F16	65536	ngram-mod,draft-mtp	12	0.25	f16/f16	86.62	rejected	longer recursive MTP horizon; random samples 86.62/86.18/113.10, median 86.62; acceptance fell to 0.49-0.66 and depth 8 remains production
K324	2026-07-28	40b740ad0-dirty	CUDA13	k324-q6j1-rows2-seq	Qwen3.6-27B-Q4_K_M+mmproj-F16	65536	ngram-mod,draft-mtp	8	0.25	f16/f16	127.93	rejected	internal Q6_K one-column MMVQ processed two vocabulary rows sequentially per block with unchanged three-warp reduction order; exact-seed samples 116.32/125.40/131.39/134.07/127.93 versus production 116.52/126.62/132.46/135.28/129.12; acceptance matched and source was restored
K325	2026-07-28	40b740ad0-dirty	CUDA13	k325-q4j16-cublas	Qwen3.6-27B-Q4_K_M+mmproj-F16	65536	ngram-mod,draft-mtp	8	0.25	f16/f16	114.71	rejected	routed only Q4_K J16 through existing dequantize plus tensor-core path; exact-seed smoke trailed production 116.52 at 114.71 with matching acceptance; full run not justified and MMQ routing restored
L326	2026-07-28	40b740ad0-dirty	CUDA13	b10079-mtp-tile50	Qwen3.6-27B-Q4_K_M+mmproj-F16	65536	ngram-mod,draft-mtp	8	0.25	f16/f16	130.33	diagnostic	exact unchanged run-qwen.bat fresh ten-seed requalification; six strict MSVC compile/runtime passes at 101.04/133.52/134.38/130.33/125.21/126.03, quality-pass median 130.33; raw ten-seed median 125.21; no configuration change
E327	2026-07-28	40b740ad0-dirty	CUDA13	b10079-mtp-215tps-openssl	Qwen3.6-27B-Q4_K_M+mmproj-F16	65536	ngram-mod,draft-mtp	8	0.25	f16/f16	115.00	rejected	existing isolated engine from later MoE hardware campaign; exact-seed smoke matched production acceptance/output path but trailed 116.52 control at 115.00; no expansion and no production change
E328	2026-07-28	40b740ad0-dirty	CUDA13	b10079-mtp-190tps	Qwen3.6-27B-Q4_K_M+mmproj-F16	65536	ngram-mod,draft-mtp	8	0.25	f16/f16	115.33	rejected	distinct existing pre-tile engine; exact-seed smoke trailed 116.52 production at 115.33 and slightly changed acceptance; no expansion and no production change
K329	2026-07-28	40b740ad0-dirty	CUDA13	k329-q4j16-int2-ycopy	Qwen3.6-27B-Q4_K_M+mmproj-F16	65536	ngram-mod,draft-mtp	8	0.25	f16/f16	115.49	rejected	Q4_K J16 non-fallback activation-tile copy combined the first two scalar 32-bit transfers into one aligned 64-bit transfer per thread; exact acceptance matched production but paired smoke trailed 116.52 at 115.49; source restored
K330	2026-07-28	40b740ad0-dirty	CUDA13	k330-cuda-dlcm-cg	Qwen3.6-27B-Q4_K_M+mmproj-F16	65536	ngram-mod,draft-mtp	8	0.25	f16/f16	93.11	rejected	global CUDA L2-only load caching via ptxas dlcm=cg; paired smoke reduced acceptance and fell to 93.11 tok/s; original cache policy and build configuration restored
K331	2026-07-28	40b740ad0-dirty	CUDA13	k331-q4j16-generic-a-load	Qwen3.6-27B-Q4_K_M+mmproj-F16	65536	ngram-mod,draft-mtp	8	0.25	f16/f16	18.34	rejected	Q4_K J16 replaced ldmatrix with generic shared-memory loading for the A fragment; fragment mapping was incompatible, draft acceptance fell to zero, and paired smoke collapsed to 18.34 tok/s versus 116.52 production; source restored
K332	2026-07-28	40b740ad0-dirty	CUDA13	k332-q4j16-dual-y	Qwen3.6-27B-Q4_K_M+mmproj-F16	65536	ngram-mod,draft-mtp	8	0.25	f16/f16	96.17	rejected	Q4_K J16 used two shared Y tiles to load both verifier halves before computation and reduce four block barriers to two per K iteration; acceptance remained healthy but the extra 2304 shared-memory bytes reduced occupancy and throughput to 96.17 tok/s; standalone form rejected
K333	2026-07-28	40b740ad0-dirty	CUDA13	k333-q4j16-i96-dual-y	Qwen3.6-27B-Q4_K_M+mmproj-F16	65536	ngram-mod,draft-mtp	8	0.25	f16/f16	0.00	rejected	Q4_K J16 dual-Y candidate paired I=96 with the original eight warps; invalid MMA row geometry caused an illegal CUDA memory access on the first warmup request, produced no output, and released VRAM
K334	2026-07-28	40b740ad0-dirty	CUDA13	k334-q4j16-t192-i96-dual-y	Qwen3.6-27B-Q4_K_M+mmproj-F16	65536	ngram-mod,draft-mtp	8	0.25	f16/f16	123.62	rejected	coherent six-warp I=96 dual-Y geometry appeared faster than the 116.52 paired control but corrupted logits; output was 512 tokens of think markup and slash garbage, so the apparent gain and higher acceptance were invalid; dual-buffer branch removed
K335	2026-07-28	40b740ad0-dirty	CUDA13	k335-target-nextn-single-sync	Qwen3.6-27B-Q4_K_M+mmproj-F16	65536	ngram-mod,draft-mtp	8	0.25	f16/f16	95.04	rejected	reused the already-synchronized dense target NextN buffer instead of synchronized per-row access; exact current-source control was 96.49 tok/s with identical acceptance, so the 1.5 percent regression was rejected; production package scored 115.53 but differed in MTP binary/source path
K336	2026-07-28	40b740ad0-dirty	CUDA13	k336-draft-nextn-synchronized	Qwen3.6-27B-Q4_K_M+mmproj-F16	65536	ngram-mod,draft-mtp	8	0.25	f16/f16	96.82	rejected	restored synchronized draft NextN row access in the full current development build; acceptance remained on the slower current-build path and throughput tied its 96.49 control, proving other rebuilt DLLs caused the production divergence
K337	2026-07-28	40b740ad0-dirty	CUDA13	k337-prod-hybrid-synced-common	Qwen3.6-27B-Q4_K_M+mmproj-F16	65536	ngram-mod,draft-mtp	8	0.25	f16/f16	115.83	diagnostic	replaced only production llama-common.dll with a current-source synchronized build while every other production DLL remained byte-identical; reproduced the 115.53 production control and exact 0.72207 acceptance, validating surgical hybrid experiments
K338	2026-07-28	40b740ad0-dirty	CUDA13	k338-prod-hybrid-target-single-sync	Qwen3.6-27B-Q4_K_M+mmproj-F16	65536	ngram-mod,draft-mtp	8	0.25	f16/f16	116.18	rejected	surgical production hybrid reused one synchronized dense target NextN pointer; exact acceptance matched K337 but the 0.36 tok/s gain was within noise and insufficient for expansion
K339	2026-07-28	40b740ad0-dirty	CUDA13	k339-prod-hybrid-mtp-ngram-pipeline	Qwen3.6-27B-Q4_K_M+mmproj-F16	65536	draft-mtp,ngram-mod	8	0.25	f16/f16	116.09	rejected	capacity-safe pipeline ran MTP before ngram-mod and allowed ngram to fill only unused positions up to total depth eight; paired output and counters were identical to K337 because no extension fired, so the inactive path was removed
K340	2026-07-28	40b740ad0-dirty	CUDA13	k340-prod-hybrid-draft-nosync	Qwen3.6-27B-Q4_K_M+mmproj-F16	65536	ngram-mod,draft-mtp	8	0.25	f16/f16	128.82	rejected	surgical production hybrid skipped the redundant draft embedding synchronization after backend sampling; five exact-seed samples 115.95/125.33/133.03/133.68/128.82 preserved all acceptance counters but trailed the established 129.12 production median
K341	2026-07-28	40b740ad0-dirty	CUDA13	k341-prod-hybrid-mtp-margin15-sync	Qwen3.6-27B-Q4_K_M+mmproj-F16	65536	ngram-mod,draft-mtp	8	0.25	f16/f16	83.76	rejected	surgical synchronized-common hybrid stopped MTP drafting after position zero when top1-top2 probability margin fell below 0.15; acceptance remained 0.70408 with mean length 5.31 but throughput regressed severely versus the same-seed 117.08 production control
K342	2026-07-28	40b740ad0-dirty	CUDA13	k342-q4k-j16-occ2	Qwen3.6-27B-Q4_K_M+mmproj-F16	65536	ngram-mod,draft-mtp	8	0.25	f16/f16	95.57	rejected	forced the dominant Q4_K J16 MMQ specialization from one to two launch-bounds blocks per SM; compiler register pressure changed numerical behavior, reducing acceptance to 0.60719 and throughput versus the same-seed 117.08 production control
R343	2026-07-28	40b740ad0-dirty	CUDA13	b10079-mtp-tile50	Qwen3.6-27B-Q4_K_M+mmproj-F16	64000-65280	ngram-mod,draft-mtp	8	0.25	f16/f16	116.61	rejected	nearby lower context sweep 64000/64512/65024/65280 reached 114.78/116.61/115.94/116.60 on the paired seed; acceptance and output counters were identical to 65536 and none beat its 117.08 control
K344	2026-07-28	40b740ad0-dirty	CUDA13	k344-prod-hybrid-common-lto-sync	Qwen3.6-27B-Q4_K_M+mmproj-F16	65536	ngram-mod,draft-mtp	8	0.25	f16/f16	116.15	rejected	MSVC whole-program optimization enabled only for a synchronized llama-common.dll over otherwise byte-identical production binaries; exact acceptance matched but throughput trailed the 117.08 same-seed control
K345	2026-07-28	40b740ad0-dirty	CUDA13	k345-prod-hybrid-common-nosort-sync	Qwen3.6-27B-Q4_K_M+mmproj-F16	65536	ngram-mod,draft-mtp	8	0.25	f16/f16	116.67	rejected	skipped redundant host sorting of the already ordered backend MTP top-k shortlist; exact acceptance and output counters matched, but throughput remained below the adjacent 117.08 production control
K346	2026-07-28	40b740ad0-dirty	CUDA13	K346-mtp-persistent-hot32k	Qwen3.6-27B-Q4_K_M+mmproj-F16	65536	ngram-mod,draft-mtp	8	0.25	f16/f16	116.40	rejected	materialized a persistent contiguous 32768-token Q6_K MTP head in VRAM from the unchanged supplied GGUF; peak VRAM was safe at 23823 MiB, but paired-seed acceptance fell to 0.67784 and throughput did not improve
R347	2026-07-28	40b740ad0-dirty	CUDA13	b10079-mtp-tile50	Qwen3.6-27B-Q4_K_M+mmproj-F16	65536	ngram-mod,draft-mtp	8	0.25	f16/f16	119.82	control	fresh three-seed paired control for draft polling and scheduling experiments; samples 105.23/123.22/119.82
R348	2026-07-28	40b740ad0-dirty	CUDA13	b10079-mtp-tile50	Qwen3.6-27B-Q4_K_M+mmproj-F16	65536	ngram-mod,draft-mtp	8	0.25	f16/f16	120.71	rejected	draft poll 100 plus high draft priority preserved exact outputs and acceptance but gained only 0.89 tok/s over paired control
R349	2026-07-28	40b740ad0-dirty	CUDA13	b10079-mtp-tile50	Qwen3.6-27B-Q4_K_M+mmproj-F16	65536	ngram-mod,draft-mtp	8	0.25	f16/f16	121.21	inconclusive	draft poll disabled preserved exact outputs and acceptance and gained 1.40 tok/s over paired control, too small to close the target gap or promote alone
R350	2026-07-28	40b740ad0-dirty	CUDA13	b10079-mtp-tile50	Qwen3.6-27B-Q4_K_M+mmproj-F16	65536	ngram-mod,draft-mtp	8	0.25	f16/f16	121.28	inconclusive	target and draft polling disabled preserved exact outputs and acceptance and gained 1.46 tok/s over paired control, below promotion significance and far below target
K351	2026-07-28	40b740ad0-dirty	CUDA13	K351-q6k-persistent-grid328	Qwen3.6-27B-Q4_K_M+mmproj-F16	65536	ngram-mod,draft-mtp	8	0.25	f16/f16	89.43	rejected	persistent grid-stride full-vocabulary Q6_K J1 MMVQ with four blocks per SM serialized memory latency and changed draft numerics; source branch rejected
K352	2026-07-28	40b740ad0-dirty	CUDA13	K352-q6k-persistent-grid2624	Qwen3.6-27B-Q4_K_M+mmproj-F16	65536	ngram-mod,draft-mtp	8	0.25	f16/f16	98.71	rejected	persistent Q6_K J1 MMVQ with 32 blocks per SM recovered part of K351 but remained far below the 117.08 paired production result; persistent branch removed
D353	2026-07-28	40b740ad0-dirty	CUDA13	b10079-mtp-tile50	Qwen3.6-27B-Q4_K_M+mmproj-F16	65536	ngram-mod,draft-mtp	8	0.25	f16/f16	105.06	diagnostic	verbose paired seed exposed cumulative MTP acceptance by position 0.833/0.760/0.677/0.604/0.490/0.427/0.365/0.312 and 1439.4 ms total MTP drafting
K354	2026-07-28	40b740ad0-dirty	CUDA13	K354-runtime-depth7	Qwen3.6-27B-Q4_K_M+mmproj-F16	65536	ngram-mod,draft-mtp	8	0.25	f16/f16	68.38	rejected	kept configured depth/capacity eight but stopped the runtime MTP loop at seven; actual seven-token verifier graph remained pathological and throughput collapsed, source restored
M355	2026-07-28	40b740ad0-dirty	CUDA13	b10079-mtp-tile50	Qwen3.6-27B-Q4_K_M+mmproj-F16	65536	ngram-mod,draft-mtp	8	0.00	f16/f16	105.86	rejected	forced every MTP call toward full depth eight by removing the speculative confidence threshold; low-confidence drafts reduced acceptance and regressed versus the 119.82 paired control
K356	2026-07-28	40b740ad0-dirty	CUDA13	K356-verify-pad8	Qwen3.6-27B-Q4_K_M+mmproj-F16	65536	ngram-mod,draft-mtp	8	0.25	f16/f16	100.03	rejected	padded short target-verification batches with unused non-output tokens to eight drafts; full server-impl source divergence changed acceptance and the arm remained far below production, padding removed
P357	2026-07-28	40b740ad0-dirty	CUDA13	b10079-mtp-tile50	Qwen3.6-27B-Q4_K_M+mmproj-F16	65536	ngram-mod,draft-mtp	8/7	0.25	f16/f16	100.14/62.65	diagnostic	matched Nsight traces localized the depth cliff: nine-column verification used Q4_K J16 MMQ while eight-column verification fell into Q4_K J8 MMVQ
K358	2026-07-28	40b740ad0-dirty	CUDA13	K358-force-mmq-j8	Qwen3.6-27B-Q4_K_M+mmproj-F16	65536	ngram-mod,draft-mtp	7	0.25	f16/f16	90.22	diagnostic	exact-seed depth-seven routing through MMQ improved 64.37 to 90.22 tok/s, but changed floating-point results and speculative acceptance
R359	2026-07-28	40b740ad0-dirty	CUDA13	K358-force-mmq-j8	Qwen3.6-27B-Q4_K_M+mmproj-F16	65536	ngram-mod,draft-mtp	8	0.25	f16/f16	113.52	rejected	J8-only MMQ routing regressed the randomized-seed production-path median from 115.83 to 113.52 despite one 145.24 tok/s sample; source hook removed
K360	2026-07-28	40b740ad0-dirty	CUDA13	K360-force-mmq-small	Qwen3.6-27B-Q4_K_M+mmproj-F16	65536	ngram-mod,draft-mtp	8	0.25	f16/f16	104.67	rejected	routing all two-through-eight-column quantized batches through MMQ further regressed the identical-seed median; source hook removed
K361	2026-07-28	40b740ad0-dirty	CUDA13	K361-mmvq-w4-j5to8	Qwen3.6-27B-Q4_K_M+mmproj-F16	65536	ngram-mod,draft-mtp	8	0.25	f16/f16	112.04	rejected	four-warps-per-block MMVQ for five-through-eight columns regressed versus the matched current-source two-warp median of 114.82; source restored
K362	2026-07-28	40b740ad0-dirty	CUDA13	K362-source-w2-control	Qwen3.6-27B-Q4_K_M+mmproj-F16	65536	ngram-mod,draft-mtp	8	0.25	f16/f16	114.82	control	current-source two-warp MMVQ control isolated launch-shape tuning from the older production DLL's numerical behavior
K363	2026-07-28	40b740ad0-dirty	CUDA13	K363-mmvq-w1-j5to8	Qwen3.6-27B-Q4_K_M+mmproj-F16	65536	ngram-mod,draft-mtp	8	0.25	f16/f16	110.54	rejected	one-warp MMVQ for five-through-eight columns also regressed versus the matched 114.82 two-warp control; source restored
K364	2026-07-28	40b740ad0-dirty	CUDA13	K364-mmvq-split-j8	Qwen3.6-27B-Q4_K_M+mmproj-F16	65536	ngram-mod,draft-mtp	8	0.25	f16/f16	114.22	rejected	split J8 into two four-column launches with the same two-warp accumulation order; acceptance stayed exact but launch overhead made it neutral versus the 114.82 control, source restored
K365	2026-07-28	40b740ad0-dirty	CUDA13	K365-single-embedding-sync	Qwen3.6-27B-Q4_K_M+mmproj-F16	65536	ngram-mod,draft-mtp	8	0.25	f16/f16	115.24	rejected	single synchronization followed by no-sync target embedding row copies preserved exact acceptance but was neutral against the paired 115.83 production median
K366	2026-07-28	40b740ad0-dirty	CUDA13	K366-direct-accepted-embedding	Qwen3.6-27B-Q4_K_M+mmproj-F16	65536	ngram-mod,draft-mtp	8	0.25	f16/f16	116.52	diagnostic	copied only the last target row during process and selected the accepted row directly before the next decode; exact acceptance and a small paired gain require broader confirmation
K367	2026-07-28	40b740ad0-dirty	CUDA13	K367-deferred-accepted-catchup	Qwen3.6-27B-Q4_K_M+mmproj-F16	65536	ngram-mod,draft-mtp	8	0.25	f16/f16	111.94	rejected	deferring draft-context catchup until acceptance preserved output on the smoke seed but smaller decode batches regressed throughput; hook removed
K368	2026-07-28	40b740ad0-dirty	CUDA13	K368-pad-drafts-no-extra-mtp	Qwen3.6-27B-Q4_K_M+mmproj-F16	65536	ngram-mod,draft-mtp	8	0.25	f16/f16	118.79	rejected	padding stopped draft lists to depth eight without computing new MTP tokens changed output, hit the 512-token cap, and failed quality; hook removed
M369	2026-07-28	40b740ad0-dirty	CUDA13	b10079-mtp-tile50	Qwen3.6-27B-Q4_K_M+mmproj-F16	65536	ngram-mod,draft-mtp	8/8	0.25	f16/f16	117.10	rejected	minimum-eight drafting gave only 1.26 tok/s over the identical-seed production control and inherited the unsafe forced-depth quality risk
M370	2026-07-28	40b740ad0-dirty	CUDA13	b10079-mtp-tile50	Qwen3.6-27B-Q4_K_M+mmproj-F16	65536	ngram-mod,draft-mtp	8/8	0.20	f16/f16	119.41	rejected	local p-min peak remained far below target and strict validation failed with truncated incomplete C++ at the 512-token cap
M371	2026-07-28	40b740ad0-dirty	CUDA13	b10079-mtp-tile50	Qwen3.6-27B-Q4_K_M+mmproj-F16	65536	ngram-mod,draft-mtp	8/8	0.15	f16/f16	117.40	rejected	lower p-min regressed from 0.20 and strict validation again failed with truncated incomplete C++ at the 512-token cap
K372	2026-07-28	40b740ad0-dirty	CUDA13	K366-direct-accepted-embedding	Qwen3.6-27B-Q4_K_M+mmproj-F16	65536	ngram-mod,draft-mtp	8	0.25	f16/f16	111.69	inconclusive	direct accepted-row selection plus target/draft polling disabled appeared 10.2 percent faster than the first paired control, with exact acceptance; three of five randomized outputs passed strict quality
K373	2026-07-28	40b740ad0-dirty	CUDA13	b10079-mtp-tile50	Qwen3.6-27B-Q4_K_M+mmproj-F16	65536	ngram-mod,draft-mtp	8	0.25	f16/f16	111.46	rejected	immediate production recheck on the exact K372 seeds recovered from 101.38 to 111.46 tok/s, isolating the apparent candidate gain as run-state variance; direct accepted-row source change removed
K382	2026-07-28	40b740ad0-dirty	CUDA13	K377-q4k-j16-async-y0-int4-y1	Qwen3.6-27B-Q4_K_M+mmproj-F16	65536	ngram-mod,draft-mtp	8	0.25	f16/f16	122.13	rejected	exact-launcher replay corrected earlier legacy-harness measurements; fixed-seed median trailed the 127.25 production scheduling control and one output failed strict validation
K385	2026-07-28	40b740ad0-dirty	CUDA13	K346-mtp-persistent-hot32k	Qwen3.6-27B-Q4_K_M+mmproj-F16	32768	ngram-mod,draft-mtp	8	0.25	f16/f16	122.59	candidate	persistent 65536-row hot-token MTP head from the unchanged GGUF improved the paired production seed by 6.07 tok/s with exact acceptance and safe VRAM
K386	2026-07-28	40b740ad0-dirty	CUDA13	K346-mtp-persistent-hot32k	Qwen3.6-27B-Q4_K_M+mmproj-F16	32768	ngram-mod,draft-mtp	8	0.25	f16/f16	136.35	candidate	five fixed random seeds reached 124.97/136.35/139.96/140.77/135.88; four outputs passed strict MSVC compile/runtime validation
K388	2026-07-28	40b740ad0-dirty	CUDA13	K346-mtp-persistent-hot32k	Qwen3.6-27B-Q4_K_M+mmproj-F16	32768	ngram-mod,draft-mtp	8	0.25	f16/f16	137.23	candidate	target and draft polling disabled; exact outputs were preserved and the five-seed median improved by 0.88 tok/s
K390	2026-07-28	40b740ad0-dirty	CUDA13	K346-mtp-persistent-hot32k	Qwen3.6-27B-Q4_K_M+mmproj-F16	32768	ngram-mod,draft-mtp	8	0.25	f16/f16	132.99	diagnostic	fresh ten-seed raw upper-median was 129.57; four strict passes had upper-median 132.99, exposing substantial seed variance
K391	2026-07-28	40b740ad0-dirty	CUDA13	K391-mtp-compact-prefix65k	Qwen3.6-27B-Q4_K_M+mmproj-F16	32768	ngram-mod,draft-mtp	8	0.25	f16/f16	109.84	rejected	kept MTP logits compact instead of scattering to the full vocabulary; identical output gained only 0.56 tok/s over the same-binary 109.28 control, proving final top-k scan was not the bottleneck
K393	2026-07-28	40b740ad0-dirty	CUDA13	K346-mtp-persistent-hot32k	Qwen3.6-27B-Q4_K_M+mmproj-F16	32768	ngram-mod,draft-mtp	8	0.25	f16/f16	122.03	rejected	union of all token IDs below 65536 plus corpus and special tokens preserved acceptance but trailed the 65536-row map control at 125.20 tok/s
D394	2026-07-28	40b740ad0-dirty	CUDA13	K346-mtp-persistent-hot32k	Qwen3.6-27B-Q4_K_M+mmproj-F16	32768	ngram-mod,draft-mtp	8	0.25	f16/f16	129.89	diagnostic	ten-seed candidate trace recorded 9618 top-3 observations; the base 32768 map missed zero rank-0 and only 23 rank-1/rank-2 tokens
K396	2026-07-28	40b740ad0-dirty	CUDA13	K346-mtp-persistent-hot32k	Qwen3.6-27B-Q4_K_M+mmproj-F16	32768	ngram-mod,draft-mtp	8	0.25	f16/f16	141.72	candidate	trace-complete 32791-row persistent head plus polling disabled; raw five-seed median 139.23 and four strict passes had upper-median 141.72 with byte-identical 65536-row outputs
K400	2026-07-28	40b740ad0-dirty	CUDA13	K346-mtp-persistent-hot32k	Qwen3.6-27B-Q4_K_M+mmproj-F16	65536	ngram-mod,draft-mtp	8	0.25	f16/f16	141.23	candidate	full launcher context; raw five-seed median 137.26, four strict passes had upper-median 141.23, peak VRAM 23892 MiB
K401	2026-07-28	40b740ad0-dirty	CUDA13	K346-mtp-persistent-hot32k	Qwen3.6-27B-Q4_K_M+mmproj-F16	65536	ngram-mod,draft-mtp	8	0.25	f16/f16	127.60	diagnostic	fresh cryptographic ten-seed audit; raw and six-pass strict upper-medians were both 127.60, retained as the qualification variance disclosure
K410	2026-07-28	40b740ad0-dirty	CUDA13	b10079-mtp-hot32791	Qwen3.6-27B-Q4_K_M+mmproj-F16	65536	ngram-mod,draft-mtp	8	0.25	f16/f16	141.07	promoted	independent replay of the full-context qualification; raw median 136.59 and four strict passes had upper-median 141.07 with deterministic output
L412	2026-07-28	40b740ad0-dirty	CUDA13	b10079-mtp-hot32791	Qwen3.6-27B-Q4_K_M+mmproj-F16	65536	ngram-mod,draft-mtp	8	0.25	f16/f16	132.42	diagnostic	post-promotion no-override launcher audit on five new random seeds; four strict passes and raw upper-median were 132.42
V416	2026-07-28	40b740ad0-dirty	CUDA13	b10079-mtp-hot32791	Qwen3.6-27B-Q4_K_M+mmproj-F16	65536	ngram-mod,draft-mtp	8	0.25	f16/f16	n/a	promoted	no-override run-qwen.bat vision pass correctly described the Statue of Liberty and Manhattan skyline; peak VRAM 23968 MiB, post-run 613 MiB
K417-K425	2026-07-29	40b740ad0-dirty	CUDA13	b10079-mtp-hot32791	Qwen3.6-27B-Q4_K_M+mmproj-F16	65536	ngram-mod,draft-mtp	8	0.25	f16/f16	137.59	rejected	8192, 8558, and 16384-row trace-informed MTP head maps either changed acceptance or failed to improve the fixed-seed median; production 32791-row map retained
D423	2026-07-29	40b740ad0-dirty	CUDA13	b10079-mtp-hot32791-trace10	Qwen3.6-27B-Q4_K_M+mmproj-F16	65536	ngram-mod,draft-mtp	8	0.25	f16/f16	n/a	diagnostic	real top-10 MTP trace collected 30630 observations and 1404 unique token ids; temporary logging was removed
M426	2026-07-29	40b740ad0-dirty	CUDA13	b10079-mtp-hot32791	Qwen3.6-27B-Q4_K_M+mmproj-F16	65536	ngram-mod,draft-mtp	8	0.20	f16/f16	132.44	rejected	lower p-min changed acceptance and regressed on the paired seed
K427-K428	2026-07-29	40b740ad0-dirty	CUDA13	K427-sampling-cache	Qwen3.6-27B-Q4_K_M+mmproj-F16	65536	ngram-mod,draft-mtp	8	0.25	f16/f16	138.64	candidate	reused invariant CPU sampler records; exact outputs preserved, paired seed rose from 140.00 to 142.14, fixed-five strict upper-median 141.78
K429-K431	2026-07-29	40b740ad0-dirty	CUDA13	K429-K431	Qwen3.6-27B-Q4_K_M+mmproj-F16	65536	ngram-mod,draft-mtp	8	0.25	f16/f16	140.76	rejected	permutation reuse, one-sync verification, and AVX2 common-DLL variants did not beat K427 and were removed
K432	2026-07-29	40b740ad0-dirty	CUDA13	K432-fast-target-sample	Qwen3.6-27B-Q4_K_M+mmproj-F16	65536	ngram-mod,draft-mtp	8	0.25	f16/f16	97.37	rejected	standalone fused target RNG changed the target sequence and MTP acceptance; implementation replaced by the existing sampler chain
K433	2026-07-29	40b740ad0-dirty	CUDA13	K433-fast-topk-chain	Qwen3.6-27B-Q4_K_M+mmproj-F16	65536	ngram-mod,draft-mtp	8	0.25	f16/f16	145.98	candidate	direct raw-logit top-20 selection followed by the unchanged sampler chain preserved exact output, RNG sequence, and 0.77317 acceptance on the paired seed
K434	2026-07-29	40b740ad0-dirty	CUDA13	K433-fast-topk-chain	Qwen3.6-27B-Q4_K_M+mmproj-F16	65536	ngram-mod,draft-mtp	8	0.25	f16/f16	147.18	promoted	fixed five random seeds raw median 144.44; four strict MSVC compile/runtime passes measured 129.36/147.18/148.36/144.44 for a 147.18 upper-median
K435-K437	2026-07-29	40b740ad0-dirty	CUDA13	K435/K436/K433-high	Qwen3.6-27B-Q4_K_M+mmproj-F16	65536	ngram-mod,draft-mtp	8	0.25	f16/f16	144.92	rejected	threshold hoisting, block-eight scanning, and High priority did not improve the all-seed raw median; original K433 selection retained
L438	2026-07-29	40b740ad0-dirty	CUDA13	b10079-mtp-hot32791-fasttopk	Qwen3.6-27B-Q4_K_M+mmproj-F16	65536	ngram-mod,draft-mtp	8	0.25	f16/f16	141.51	diagnostic	no-override launcher smoke on a fresh random measured seed; exact production path and cleanup passed
V439	2026-07-29	40b740ad0-dirty	CUDA13	b10079-mtp-hot32791-fasttopk	Qwen3.6-27B-Q4_K_M+mmproj-F16	65536	ngram-mod,draft-mtp	8	0.25	f16/f16	n/a	promoted	no-override launcher vision pass described the Statue of Liberty and Manhattan skyline; peak VRAM 23973 MiB, post-run 621 MiB
K440	2026-07-29	40b740ad0-dirty	CUDA13	b10079-mtp-hot32791-fasttopk	Qwen3.6-27B-Q4_K_M+mmproj-F16	65536	ngram-mod,draft-mtp	8	0.25	f16/f16	146.40	promoted	final guarded source build preserved exact output, RNG sequence, and 0.77317 acceptance on the paired measured seed
K441	2026-07-29	40b740ad0-dirty	CUDA13	b10079-mtp-hot32791-fasttopk	Qwen3.6-27B-Q4_K_M+mmproj-F16	65536	ngram-mod,draft-mtp	8	0.25	f16/f16	146.34	promoted	final guarded production DLL fixed-five replay; raw median 143.07, four strict MSVC compile/runtime passes had a 146.34 upper-median
V442	2026-07-29	40b740ad0-dirty	CUDA13	b10079-mtp-hot32791-fasttopk	Qwen3.6-27B-Q4_K_M+mmproj-F16	65536	ngram-mod,draft-mtp	8	0.25	f16/f16	n/a	promoted	final guarded no-override launcher vision pass described the Statue of Liberty and Manhattan skyline; peak VRAM 23973 MiB
K443-K446	2026-07-29	40b740ad0-dirty	CUDA13	K443-K446	Qwen3.6-27B-Q4_K_M+mmproj-F16	65536	ngram-mod,draft-mtp	8	0.25	f16/f16	143.95	rejected	seeded heap, inactive AVX guard, and depth 9/10 variants failed to improve the paired control
K447-K452	2026-07-29	40b740ad0-dirty	CUDA13	K449-avx2-direct-fasttopk	Qwen3.6-27B-Q4_K_M+mmproj-F16	65536	ngram-mod,draft-mtp	8	0.25	f16/f16	148.79	candidate	direct accepted-row handoff plus real AVX2 scan preserved paired output; fixed-five strict upper-median 148.79
K453-K454	2026-07-29	40b740ad0-dirty	CUDA13	K453-avx2x32-direct	Qwen3.6-27B-Q4_K_M+mmproj-F16	65536	ngram-mod,draft-mtp	8	0.25	f16/f16	148.92	candidate	32-logit AVX2 scan preserved output; fixed-five strict upper-median 148.92
K455-K462	2026-07-29	40b740ad0-dirty	CUDA13	K455-K462	Qwen3.6-27B-Q4_K_M+mmproj-F16	65536	ngram-mod,draft-mtp	8	0.25	f16/f16	148.51	rejected	lean chain, linker, p-min, thread, current-CUDA, and one-sync trials were slower or changed MTP numerics
K463-K466	2026-07-29	40b740ad0-dirty	CUDA13	K463-avx2-prefetch-direct	Qwen3.6-27B-Q4_K_M+mmproj-F16	65536	ngram-mod,draft-mtp	8	0.25	f16/f16	149.46	candidate	1 KiB L1 prefetch paired at 148.93; fixed-five strict upper-median 149.46 with one pass at 151.38
K467-K472	2026-07-29	40b740ad0-dirty	CUDA13	K467-K472	Qwen3.6-27B-Q4_K_M+mmproj-F16	65536	ngram-mod,draft-mtp	8	0.25	f16/f16	147.97	rejected	512/768-byte and L2 prefetch, x64 unroll, single sift-down, and redundant-sync removal did not beat K463
M473-M476	2026-07-29	40b740ad0-dirty	CUDA13	K463-avx2-prefetch-direct	Qwen3.6-27B-Q4_K_M+mmproj-F16	65536	ngram-mod,draft-mtp	8	0.28	f16/f16	150.60	candidate	p-min 0.28 first qualified at 150.60 strict upper-median but replay was 149.86; High priority regressed
M477	2026-07-29	40b740ad0-dirty	CUDA13	K463-avx2-prefetch-direct	Qwen3.6-27B-Q4_K_M+mmproj-F16	65536	ngram-mod,draft-mtp	8	0.30	f16/f16	150.36	promoted	three strict compile/runtime passes measured 145.88/150.36/158.84 for a true median of 150.36
M478	2026-07-29	40b740ad0-dirty	CUDA13	b10079-mtp-hot32791-avx2-fasttopk	Qwen3.6-27B-Q4_K_M+mmproj-F16	65536	ngram-mod,draft-mtp	8	0.30	f16/f16	150.23	promoted	independent replay strict passes measured 146.67/150.23/160.02 for a reproduced median of 150.23
V479	2026-07-29	40b740ad0-dirty	CUDA13	b10079-mtp-hot32791-avx2-fasttopk	Qwen3.6-27B-Q4_K_M+mmproj-F16	65536	ngram-mod,draft-mtp	8	0.30	f16/f16	n/a	promoted	no-override launcher vision pass described the Statue of Liberty and Manhattan skyline; 23921 MiB during inference, post-run 627 MiB
M522	2026-07-29	40b740ad0-dirty	CUDA13	b10079-mtp-hot32791-avx2-fasttopk	Qwen3.6-27B-Q4_K_M+mmproj-F16	65536	ngram-mod,draft-mtp	8	0.338	f16/f16	171.14	candidate	three strict compile/runtime passes measured 171.14/144.44/175.31 for a true median of 171.14
M523	2026-07-29	40b740ad0-dirty	CUDA13	b10079-mtp-hot32791-avx2-fasttopk	Qwen3.6-27B-Q4_K_M+mmproj-F16	65536	ngram-mod,draft-mtp	8	0.338	f16/f16	171.15	promoted	replay preserved paths; strict passes measured 171.15/146.50/175.99 for a reproduced median of 171.15
L524	2026-07-29	40b740ad0-dirty	CUDA13	b10079-mtp-hot32791-avx2-fasttopk	Qwen3.6-27B-Q4_K_M+mmproj-F16	65536	ngram-mod,draft-mtp	8	0.338	f16/f16	171.38	promoted	no-override launcher strict passes measured 171.38/146.53/178.16; peak VRAM 23976 MiB
V525	2026-07-29	40b740ad0-dirty	CUDA13	b10079-mtp-hot32791-avx2-fasttopk	Qwen3.6-27B-Q4_K_M+mmproj-F16	65536	ngram-mod,draft-mtp	8	0.338	f16/f16	n/a	promoted	no-override vision pass described the Statue of Liberty and Manhattan skyline; no reasoning text; peak VRAM 24044 MiB
H526	2026-07-29	40b740ad0-dirty	CUDA13	host-snapshot	Qwen3.6-27B-Q4_K_M+mmproj-F16	65536	n/a	n/a	n/a	n/a	n/a	diagnostic	Windows 11, RTX 3090 24 GiB driver 610.62, CUDA 13.3, i9-10900KF; no inference processes; software-only 180 tok/s campaign start
M527	2026-07-29	40b740ad0-dirty	CUDA13	b10079-mtp-hot32791-avx2-fasttopk	Qwen3.6-27B-Q4_K_M+mmproj-F16	65536	ngram-mod,draft-mtp	8	0.337875	f16/f16	169.70	rejected	strict paths measured 169.70/143.62/175.32; lower threshold preserved paths but did not improve the promoted 171.38 median
P528	2026-07-29	40b740ad0-dirty	CUDA13	b10079-mtp-hot32791-avx2-fasttopk	Qwen3.6-27B-Q4_K_M+mmproj-F16	65536	ngram-mod,draft-mtp	8	0.338	f16/f16	n/a	diagnostic	Nsight Systems: Q4_K J16 mul_mat_q was 23.9 percent of GPU time; CUDA API time was dominated by stream synchronization
M529	2026-07-29	40b740ad0-dirty	CUDA13	b10079-mtp-hot32791-avx2-fasttopk	Qwen3.6-27B-Q4_K_M+mmproj-F16	65536	ngram-mod,ngram-simple,draft-mtp	8	0.338	f16/f16	169.78	rejected	strict paths measured 169.78/145.63/175.21; the extra deterministic predictor duplicated accepted paths and added host overhead
M530	2026-07-29	40b740ad0-dirty	CUDA13	b10079-mtp-hot32791-avx2-fasttopk	Qwen3.6-27B-Q4_K_M+mmproj-F16	65536	ngram-simple,ngram-mod,draft-mtp	8	0.338	f16/f16	169.69	rejected	strict paths measured 169.69/144.92/176.45; reversing predictor order preserved accepted paths and remained slower
K531	2026-07-29	40b740ad0-dirty	CUDA13	K531-q4j16-int2-yload	Qwen3.6-27B-Q4_K_M+mmproj-F16	65536	ngram-mod,draft-mtp	8	0.338	f16/f16	140.55	rejected	Q4_K J16 int2 activation-tile loads plus regenerated CUDA shifted numerical paths and produced a 140.55 raw median; source change reverted
M532	2026-07-29	40b740ad0-dirty	CUDA13	b10079-mtp-hot32791-avx2-fasttopk	Qwen3.6-27B-Q4_K_M+mmproj-F16	65536	ngram-mod,draft-mtp	8	0.338	f16/f16	170.25	rejected	CUDA_DEVICE_MAX_CONNECTIONS=1 preserved the strict paths but did not beat the promoted 171.38 tok/s median
M533	2026-07-29	40b740ad0-dirty	CUDA13	b10079-mtp-hot32791-avx2-fasttopk	Qwen3.6-27B-Q4_K_M+mmproj-F16	65536	ngram-mod,draft-mtp	8	0.338	f16/f16	170.09	rejected	CUDA_DEVICE_MAX_CONNECTIONS=4 preserved the strict paths but did not beat the promoted result
K534	2026-07-29	40b740ad0-dirty	CUDA13	q4j9-static-geometry	Qwen3.6-27B-Q4_K_M+mmproj-F16	65536	n/a	n/a	n/a	f16/f16	n/a	diagnostic	Q4_K J9 MMQ was rejected at compile time because the existing tile contract requires J divisible by eight
M535-M538	2026-07-29	40b740ad0-dirty	CUDA13	b10079-mtp-hot32791-avx2-fasttopk	Qwen3.6-27B-Q4_K_M+mmproj-F16	65536	ngram-mod,draft-mtp	8	0.338	f16/f16	138.12	rejected	no-cont batching, its control, split-mode none, and unified KV reached 136.90/138.11/138.12/136.07 raw medians; none improved production
R539	2026-07-29	40b740ad0-dirty	CUDA13	b10079-mtp-hot32791-avx2-fasttopk	Qwen3.6-27B-Q4_K_M+mmproj-F16	65536	ngram-mod,draft-mtp	8	0.338	f16/f16	133.65	diagnostic	fresh ten-seed audit reached a 133.65 raw median; retained alongside the fixed-seed strict qualification to disclose seed variance
P543	2026-07-29	40b740ad0-dirty	CUDA13	b10079-mtp-hot32791-avx2-fasttopk	Qwen3.6-27B-Q4_K_M+mmproj-F16	65536	ngram-mod,draft-mtp	8	0.338	f16/f16	n/a	diagnostic	Nsight Compute measured Q4_K J16 at 102.50 us, 54.98 percent DRAM throughput, 112 registers, 2.01 active warps per scheduler, and major long-scoreboard and load throttling
K544	2026-07-29	40b740ad0-dirty	CUDA13	K544-backend-token-fastreturn	Qwen3.6-27B-Q4_K_M+mmproj-F16	65536	ngram-mod,draft-mtp	8	0.338	f16/f16	170.15	rejected	backend-token early return preserved strict paths at 170.15/143.13/174.79 and did not improve the promoted median
K545	2026-07-29	40b740ad0-dirty	CUDA13	K545-target-backend-spec	Qwen3.6-27B-Q4_K_M+mmproj-F16	65536	ngram-mod,draft-mtp	8	0.338	f16/f16	144.66	rejected	full backend target sampling changed sampled output and was rejected after the paired seed
M546	2026-07-29	40b740ad0-dirty	CUDA13	b10079-mtp-hot32791-avx2-fasttopk	Qwen3.6-27B-Q4_K_M+mmproj-F16	65536	ngram-mod,draft-mtp	8	0.338125	f16/f16	169.28	rejected	the upper confidence neighbor produced strict paths at 169.28/143.65/174.83 and closed the narrow threshold interval
K547-K548	2026-07-29	40b740ad0-dirty	CUDA13	K547-K548-backend-topk	Qwen3.6-27B-Q4_K_M+mmproj-F16	65536	ngram-mod,draft-mtp	8	0.338	f16/f16	118.97	rejected	backend top-k prefiltering either failed the batched contract or changed output and reached only 118.97 tok/s on the paired seed
K552-K557	2026-07-29	40b740ad0-dirty	CUDA13	K552-K557-q4j16-controls	Qwen3.6-27B-Q4_K_M+mmproj-F16	65536	ngram-mod,draft-mtp	8	0.338	f16/f16	140.59	rejected	preferred shared-memory carveout and a live-column guard matched their clean rebuilt numerical path; raw medians 140.99 and 140.59 were neutral against the 140.16 rebuilt control
M558-M560	2026-07-29	40b740ad0-dirty	CUDA13	b10079-mtp-hot32791-avx2-fasttopk	Qwen3.6-27B-Q4_K_M+mmproj-F16	65536	ngram-mod,draft-mtp	9/15	0.338-0.34	f16/f16	135.53	rejected	p-min 0.34 on rebuilt CUDA and production depths 15 and 9 reached 135.53/99.31/134.55 raw medians
K561-K562	2026-07-29	40b740ad0-dirty	CUDA13	K561-K562-parallel-fast-topk	Qwen3.6-27B-Q4_K_M+mmproj-F16	65536	ngram-mod,draft-mtp	8	0.338	f16/f16	144.35	rejected	std::async and PPL parallel top-20 scans preserved production output paths but reached only 144.35 and 142.85 raw medians; task overhead exceeded scan savings
P563	2026-07-29	40b740ad0-dirty	CUDA13	q6j16-ncu-attempt	Qwen3.6-27B-Q4_K_M+mmproj-F16	65536	ngram-mod,draft-mtp	8	0.338	f16/f16	n/a	diagnostic	Q6_K J16 Nsight Compute capture was blocked by ERR_NVGPUCTRPERM; no performance conclusion was drawn
K565-K566	2026-07-29	40b740ad0-dirty	CUDA13	K565-K566-q6j16-i96	Qwen3.6-27B-Q4_K_M+mmproj-F16	65536	ngram-mod,draft-mtp	8	0.338	f16/f16	115.37	rejected	Q6_K J16 I96 with 256 threads accessed memory illegally; coherent 192-thread geometry corrupted output and reached 115.37 raw median
K567	2026-07-29	40b740ad0-dirty	CUDA12	K567-prodhost-cuda12	Qwen3.6-27B-Q4_K_M+mmproj-F16	65536	ngram-mod,draft-mtp	8	0.338	f16/f16	126.27	rejected	production host with the existing CUDA 12 DLL and its in-tree runtimes changed numerical paths and reached a 126.27 raw median
M568	2026-07-29	40b740ad0-dirty	CUDA13	b10079-mtp-hot32791-avx2-fasttopk	Qwen3.6-27B-Q4_K_M+mmproj-F16	65536	ngram-mod,draft-mtp	8	0.338	f16/f16	140.73	rejected	n-gram match length 25 changed accepted paths and reached only a 140.73 raw median despite one 173.48 sample
M569	2026-07-29	40b740ad0-dirty	CUDA13	b10079-mtp-hot32791-avx2-fasttopk	Qwen3.6-27B-Q4_K_M+mmproj-F16	65536	ngram-mod,draft-mtp	8	0.338	f16/f16	143.67	rejected	CUDA_SCALE_LAUNCH_QUEUES=4x preserved production math but did not improve the ordered five-seed raw median
K570	2026-07-29	40b740ad0-dirty	CUDA13	K570-q4k-metadata-broadcast	Qwen3.6-27B-Q4_K_M+mmproj-F16	65536	ngram-mod,draft-mtp	8	0.338	f16/f16	143.67	candidate	Q4_K paired-lane metadata broadcast was byte-exact across warmup plus five random seeds and improved every sample by about 2.5 percent versus the 140.16 clean rebuilt-CUDA control
K571	2026-07-29	40b740ad0-dirty	CUDA13	K571-q4q5q6-metadata-broadcast	Qwen3.6-27B-Q4_K_M+mmproj-F16	65536	ngram-mod,draft-mtp	8	0.338	f16/f16	138.10	rejected	Q5_K four-way high-bit and paired metadata broadcasts plus Q6_K paired high-bit broadcast remained byte-exact across all six outputs but regressed the raw median from K570 143.67 to 138.10
K572	2026-07-29	40b740ad0-dirty	CUDA13	K572-q4k-evenlane-metadata	Qwen3.6-27B-Q4_K_M+mmproj-F16	65536	ngram-mod,draft-mtp	8	0.338	f16/f16	143.80	candidate	one even lane computed and stored both Q4_K metadata halves; all six rebuilt-CUDA outputs were byte-exact and raw median edged K570 from 143.67 to 143.80
K573	2026-07-29	40b740ad0-dirty	CUDA13	K573-prod-q4-fatbin-transplant	Qwen3.6-27B-Q4_K_M+mmproj-F16	65536	ngram-mod,draft-mtp	8	0.338	f16/f16	175.43	candidate	surgically redirected production CUDA wrapper 116 to the K572 Q4_K fatbin while preserving all other host and device code; all six production outputs were byte-exact and strict passes rose to 175.43/149.21/182.12
B801-k718-control-five	2026-07-31	40b740ad0-dirty	CUDA13	K718-prod-cpy-channel-pair-q6-fold	Qwen3.6-27B-Q4_K_M+mmproj-F16	65536	ngram-mod,draft-mtp	8	0.338	f16/f16	145.16	diagnostic	ordinary five-run median 145.16; MTP accepted 0.659-0.888; quality run 1 omitted required output
R802-pmin030-three	2026-07-31	40b740ad0-dirty	CUDA13	K718-prod-cpy-channel-pair-q6-fold	Qwen3.6-27B-Q4_K_M+mmproj-F16	65536	ngram-mod,draft-mtp	8	0.300	f16/f16	144.97	rejected	three measured samples; one reached the output cap and p-min 0.30 reduced acceptance
R803-pmin035-three	2026-07-31	40b740ad0-dirty	CUDA13	K718-prod-cpy-channel-pair-q6-fold	Qwen3.6-27B-Q4_K_M+mmproj-F16	65536	ngram-mod,draft-mtp	8	0.350	f16/f16	132.95	rejected	three measured samples; lower than the K718 control
R804-k848-fusion-three	2026-07-31	40b740ad0-dirty	CUDA13	K848-k637host-fusion-k718-fatbins	Qwen3.6-27B-Q4_K_M+mmproj-F16	65536	ngram-mod,draft-mtp	8	0.338	f16/f16	108.86	rejected	three measured samples; reduced acceptance and slower than K718
R805-queues1-three	2026-07-31	40b740ad0-dirty	CUDA13	K718-prod-cpy-channel-pair-q6-fold	Qwen3.6-27B-Q4_K_M+mmproj-F16	65536	ngram-mod,draft-mtp	8	0.338	f16/f16	136.67	rejected	CUDA_DEVICE_MAX_CONNECTIONS=1; three measured samples
R806-threads9-three	2026-07-31	40b740ad0-dirty	CUDA13	K718-prod-cpy-channel-pair-q6-fold	Qwen3.6-27B-Q4_K_M+mmproj-F16	65536	ngram-mod,draft-mtp	8	0.338	f16/f16	136.11	rejected	target and draft threads 9; three measured samples
R807-threads11-three	2026-07-31	40b740ad0-dirty	CUDA13	K718-prod-cpy-channel-pair-q6-fold	Qwen3.6-27B-Q4_K_M+mmproj-F16	65536	ngram-mod,draft-mtp	8	0.338	f16/f16	135.94	rejected	target and draft threads 11; three measured samples
B809-k718-cool-replay-five	2026-07-31	40b740ad0-dirty	CUDA13	K718-prod-cpy-channel-pair-q6-fold	Qwen3.6-27B-Q4_K_M+mmproj-F16	65536	ngram-mod,draft-mtp	8	0.338	f16/f16	147.54	diagnostic	cooled ordinary five-run median; telemetry held 1695 MHz; quality run 1 omitted required output and run 2 failed an assertion
R810-k718-highpriority-five	2026-07-31	40b740ad0-dirty	CUDA13	K718-prod-cpy-channel-pair-q6-fold	Qwen3.6-27B-Q4_K_M+mmproj-F16	65536	ngram-mod,draft-mtp	8	0.338	f16/f16	146.43	rejected	Windows High process priority; ordinary five-run median below K718
R811-hot32791-avx2-five	2026-07-31	40b740ad0-dirty	CUDA13	b10079-mtp-hot32791-avx2-fasttopk	Qwen3.6-27B-Q4_K_M+mmproj-F16	65536	ngram-mod,draft-mtp	8	0.338	f16/f16	139.42	rejected	older hot-map engine; ordinary five-run median below K718
R812-build-mtp-standard-five	2026-07-31	40b740ad0-dirty	CUDA13	build-mtp-cleanliness-screen	Qwen3.6-27B-Q4_K_M+mmproj-F16	65536	ngram-mod,draft-mtp	8	0.338	f16/f16	n/a	rejected	mixed build directory returned Invalid input batch with backend sampling
R813-clean-k743-current-five	2026-07-31	40b740ad0-dirty	CUDA13	build-opt-k743-current	Qwen3.6-27B-Q4_K_M+mmproj-F16	65536	ngram-mod,draft-mtp	8	0.338	f16/f16	131.55	rejected	clean current-tree build changed MTP acceptance and output trajectories
R814-k743-recovered-cuda-five	2026-07-31	40b740ad0-dirty	CUDA13	K743-recovered-current-cuda	Qwen3.6-27B-Q4_K_M+mmproj-F16	65536	ngram-mod,draft-mtp	8	0.338	f16/f16	145.78	rejected	current CUDA DLL transplanted into isolated K718 copy changed acceptance and remained below target
R815-k718-queues16-five	2026-07-31	40b740ad0-dirty	CUDA13	K718-prod-cpy-channel-pair-q6-fold	Qwen3.6-27B-Q4_K_M+mmproj-F16	65536	ngram-mod,draft-mtp	8	0.338	f16/f16	146.23	rejected	CUDA_DEVICE_MAX_CONNECTIONS=16; ordinary five-run median below K718
K743-historical	2026-07-29	40b740ad0-dirty	CUDA13	K743-gdn-proj-cpy-pair-q6-fold	Qwen3.6-27B-Q4_K_M+mmproj-F16	65536	ngram-mod,draft-mtp	8	0.338	f16/f16	152.55	historical-not-current	ordinary five-run median from retained response and telemetry artifacts; engine binary absent for identity replay
RW-K718-completion	2026-07-31	40b740ad0-dirty	CUDA13	K718-production-launcher	Qwen3.6-27B-Q4_K_M+mmproj-F16	65536	ngram-mod,draft-mtp	8	0.338	f16/f16	92.62	diagnostic	three-seed client completion server-decode median; request end-to-end median 88.57 tok/s
RW-K718-stream	2026-07-31	40b740ad0-dirty	CUDA13	K718-production-launcher	Qwen3.6-27B-Q4_K_M+mmproj-F16	65536	ngram-mod,draft-mtp	8	0.338	f16/f16	54.62	diagnostic	one streamed completion request total client rate; generation-only rate 58.44 tok/s
R816-threads12-five	2026-07-31	40b740ad0-dirty	CUDA13	K718-prod-cpy-channel-pair-q6-fold	Qwen3.6-27B-Q4_K_M+mmproj-F16	65536	ngram-mod,draft-mtp	8	0.338	f16/f16	146.05	rejected	twelve target and draft threads; ordinary five-run median below K718
R817-k573-q4-five	2026-07-31	40b740ad0-dirty	CUDA13	K573-prod-q4-fatbin-transplant	Qwen3.6-27B-Q4_K_M+mmproj-F16	65536	ngram-mod,draft-mtp	8	0.338	f16/f16	142.75	rejected	historical Q4 fatbin transplant replay; ordinary five-run median below K718
R818-pmin03375-five	2026-07-31	40b740ad0-dirty	CUDA13	K718-prod-cpy-channel-pair-q6-fold	Qwen3.6-27B-Q4_K_M+mmproj-F16	65536	ngram-mod,draft-mtp	8	0.3375	f16/f16	146.57	rejected	narrow p-min sweep; ordinary five-run median below K718
R819-pmin0337-five	2026-07-31	40b740ad0-dirty	CUDA13	K718-prod-cpy-channel-pair-q6-fold	Qwen3.6-27B-Q4_K_M+mmproj-F16	65536	ngram-mod,draft-mtp	8	0.337	f16/f16	145.73	rejected	narrow p-min sweep; ordinary five-run median below K718
R820-cleanhost-prod-cuda-five	2026-07-31	40b740ad0-dirty	CUDA13	K820-cleanhost-prod-cuda	Qwen3.6-27B-Q4_K_M+mmproj-F16	65536	ngram-mod,draft-mtp	8	0.338	f16/f16	131.24	rejected	clean current host libraries with production CUDA DLL changed MTP acceptance
R821-k718-reset-five	2026-07-31	40b740ad0-dirty	CUDA13	K718-prod-cpy-channel-pair-q6-fold	Qwen3.6-27B-Q4_K_M+mmproj-F16	65536	ngram-mod,draft-mtp	8	0.338	f16/f16	146.06	rejected	graphics and memory clock controls reset before exact K718 replay
K883-currentapi-protected	2026-07-31	40b740ad0-dirty	CUDA13	K883-currentapi-hostrevert	Qwen3.6-27B-Q4_K_M+mmproj-F16	65536	ngram-mod,draft-mtp	8	0.25	f16/f16	n/a	rejected	K718 fatbin transplant failed model load with named-symbol error; pdl0 retry still failed first kernel launch
K883-cleanhost-protected-p025	2026-07-31	40b740ad0-dirty	CUDA13	K883-currentapi-cleanhost	Qwen3.6-27B-Q4_K_M+mmproj-F16	65536	ngram-mod,draft-mtp	8	0.25	f16/f16	158.74	diagnostic	one protected seed only; quality passed but MTP acceptance/content changed and p-min was outside the frozen contract
R822-k718-protected-p025-pdl0	2026-07-31	40b740ad0-dirty	CUDA13	K718-prod-cpy-channel-pair-q6-fold	Qwen3.6-27B-Q4_K_M+mmproj-F16	65536	ngram-mod,draft-mtp	8	0.25	f16/f16	149.27	diagnostic	paired protected seed with pdl0 compatibility environment; p-min was outside the frozen contract
R823-k883-cleanhost-five-p025-pdl0	2026-07-31	40b740ad0-dirty	CUDA13	K883-currentapi-cleanhost	Qwen3.6-27B-Q4_K_M+mmproj-F16	65536	ngram-mod,draft-mtp	8	0.25	f16/f16	140.51	rejected	out-of-contract p-min 0.25 five-run median; acceptance changed
R824-k883-cleanhost-five-p338-pdl0	2026-07-31	40b740ad0-dirty	CUDA13	K883-currentapi-cleanhost	Qwen3.6-27B-Q4_K_M+mmproj-F16	65536	ngram-mod,draft-mtp	8	0.338	f16/f16	145.81	rejected	authoritative p-min five-run median below target; run 1 failed quality execution
R825-k718-five-p338-pdl0	2026-07-31	40b740ad0-dirty	CUDA13	K718-prod-cpy-channel-pair-q6-fold	Qwen3.6-27B-Q4_K_M+mmproj-F16	65536	ngram-mod,draft-mtp	8	0.338	f16/f16	146.08	diagnostic	paired current K718 control with pdl0 compatibility environment; run 1 failed quality execution
R826-k718-mmap-protected	2026-07-31	40b740ad0-dirty	CUDA13	K718-prod-cpy-channel-pair-q6-fold	Qwen3.6-27B-Q4_K_M+mmproj-F16	65536	ngram-mod,draft-mtp	8	0.338	f16/f16	137.76	rejected	one protected measured seed with --mmap; below K718 and no model resident after run
R827-k718-graphopt-protected	2026-07-31	40b740ad0-dirty	CUDA13	K718-prod-cpy-channel-pair-q6-fold	Qwen3.6-27B-Q4_K_M+mmproj-F16	65536	ngram-mod,draft-mtp	8	0.338	f16/f16	138.94	rejected	one protected measured seed with GGML_CUDA_GRAPH_OPT=1; below K718 and no model resident after run
R828-k831-fusion-no-ssm-protected	2026-07-31	40b740ad0-dirty	CUDA13	K831-cleanhost-fusion-prod-fatbins	Qwen3.6-27B-Q4_K_M+mmproj-F16	65536	ngram-mod,draft-mtp	8	0.338	f16/f16	146.98	rejected	one protected measured seed with SSM direct-state disabled; below K718 and no model resident after run
R829-k829-convfusion-protected	2026-07-31	40b740ad0-dirty	CUDA13	K829-cleanhost-conv-rollback-fusion	Qwen3.6-27B-Q4_K_M+mmproj-F16	65536	ngram-mod,draft-mtp	8	0.338	f16/f16	134.62	rejected	one protected measured seed; smaller clean-host convolution rollback fusion below K718 and no model resident after run
R830-k833-q4q6fusion-protected	2026-07-31	40b740ad0-dirty	CUDA13	K833-cleanhost-fusion-prod-q4q6	Qwen3.6-27B-Q4_K_M+mmproj-F16	65536	ngram-mod,draft-mtp	8	0.338	f16/f16	134.63	rejected	one protected measured seed; q4/q6 clean-host fusion package below K718 and no model resident after run
R831-k836-b9190fusion-protected	2026-07-31	40b740ad0-dirty	CUDA13	K836-b9190-host-fusion-prod-fatbins	Qwen3.6-27B-Q4_K_M+mmproj-F16	65536	ngram-mod,draft-mtp	8	0.338	f16/f16	n/a	rejected	server crashed during startup with exit code -1073741819; no throughput claim and no model resident after run
R832-k718-disable-convfusion-protected	2026-07-31	40b740ad0-dirty	CUDA13	K718-prod-cpy-channel-pair-q6-fold	Qwen3.6-27B-Q4_K_M+mmproj-F16	65536	ngram-mod,draft-mtp	8	0.338	f16/f16	138.11	diagnostic	LLAMA_CUDA_DISABLE_CONV_ROLLBACK_FUSION=1; same protected acceptance as control and no material improvement; production unchanged
R847-k718-pmin028-five	2026-07-31	40b740ad0-dirty	CUDA13	K718-prod-cpy-channel-pair-q6-fold	Qwen3.6-27B-Q4_K_M+mmproj-F16	65536	ngram-mod,draft-mtp	8	0.280	f16/f16	146.53	rejected	ordinary five-run samples 124.00/146.47/158.44/152.36/146.53; p-min 0.28 below target
R848-k885-keep-tail	2026-07-31	40b740ad0-dirty	CUDA13	K885-exact-host-graph-hook	Qwen3.6-27B-Q4_K_M+mmproj-F16	65536	ngram-mod,draft-mtp	8	0.338	f16/f16	103.08	rejected	graph-hook scalar-tail diagnostic; protected one-seed throughput below K718
R849-k880-pristine-one	2026-07-31	40b740ad0-dirty	CUDA13	K880-pristine-host-cpy	Qwen3.6-27B-Q4_K_M+mmproj-F16	65536	ngram-mod,draft-mtp	8	0.338	f16/f16	n/a	rejected	server startup crash -1073740791
R850-k718-clean-retest-five	2026-07-31	40b740ad0-dirty	CUDA13	K718-prod-cpy-channel-pair-q6-fold	Qwen3.6-27B-Q4_K_M+mmproj-F16	65536	ngram-mod,draft-mtp	8	0.338	f16/f16	145.76	diagnostic	ordinary five-run samples 132.97/145.76/150.97/151.78/145.59; best clean current replay
R851-k718-gclock1800-one	2026-07-31	40b740ad0-dirty	CUDA13	K718-prod-cpy-channel-pair-q6-fold	Qwen3.6-27B-Q4_K_M+mmproj-F16	65536	ngram-mod,draft-mtp	8	0.338	f16/f16	149.96	diagnostic	GPU clock lock request was ignored under WDDM; telemetry remained 1695 MHz
R852-k718-no-backend-sampling-one	2026-07-31	40b740ad0-dirty	CUDA13	K718-prod-cpy-channel-pair-q6-fold	Qwen3.6-27B-Q4_K_M+mmproj-F16	65536	ngram-mod,draft-mtp	8	0.338	f16/f16	149.76	diagnostic	backend sampling disabled for one protected seed
R853-k718-no-backend-sampling-five	2026-07-31	40b740ad0-dirty	CUDA13	K718-prod-cpy-channel-pair-q6-fold	Qwen3.6-27B-Q4_K_M+mmproj-F16	65536	ngram-mod,draft-mtp	8	0.338	f16/f16	147.36	rejected	ordinary five-run samples 132.77/145.97/150.79/152.03/147.36
R854-k718-request-no-backend-sampling-one	2026-07-31	40b740ad0-dirty	CUDA13	K718-prod-cpy-channel-pair-q6-fold	Qwen3.6-27B-Q4_K_M+mmproj-F16	65536	ngram-mod,draft-mtp	8	0.338	f16/f16	149.30	diagnostic	request JSON backend_sampling=false; one protected seed
R855-k886-common-current-one	2026-07-31	40b740ad0-dirty	CUDA13	K886-common-current	Qwen3.6-27B-Q4_K_M+mmproj-F16	65536	ngram-mod,draft-mtp	8	0.338	f16/f16	149.55	diagnostic	one protected seed; full five-run replay is R942
R856-k887-llama-current-one	2026-07-31	40b740ad0-dirty	CUDA13	K887-llama-current	Qwen3.6-27B-Q4_K_M+mmproj-F16	65536	ngram-mod,draft-mtp	8	0.338	f16/f16	120.91	rejected	current llama-library variant changed acceptance and fell below target
R857-k888-no-entry-sync-one	2026-07-31	40b740ad0-dirty	CUDA13	K888-no-entry-sync-current	Qwen3.6-27B-Q4_K_M+mmproj-F16	65536	ngram-mod,draft-mtp	8	0.338	f16/f16	149.25	diagnostic	one protected seed; full five-run replay is R943
R889-k889-nosync-sampler-five	2026-07-31	40b740ad0-dirty	CUDA13	K889-no-sync-sampler	Qwen3.6-27B-Q4_K_M+mmproj-F16	65536	ngram-mod,draft-mtp	8	0.338	f16/f16	137.73	rejected	ordinary five-run samples 137.73/123.64/137.58/147.56/175.42
R890-buildmtp-host-one	2026-07-31	40b740ad0-dirty	CUDA13	build-mtp-host	Qwen3.6-27B-Q4_K_M+mmproj-F16	65536	ngram-mod,draft-mtp	8	0.338	f16/f16	118.96	rejected	current build-mtp host library variant changed acceptance
R891-buildlookup-host-one	2026-07-31	40b740ad0-dirty	CUDA13	build-lookup-host	Qwen3.6-27B-Q4_K_M+mmproj-F16	65536	ngram-mod,draft-mtp	8	0.338	f16/f16	120.15	rejected	current build-lookup host library variant changed acceptance
R892-R894-k892-sync-controls	2026-07-31	40b740ad0-dirty	CUDA13	K892-sync-elision	Qwen3.6-27B-Q4_K_M+mmproj-F16	65536	ngram-mod,draft-mtp	8	0.338	f16/f16	148.66	diagnostic	three one-seed controls 148.82/148.69/148.66; interposer hooks were not on the hot runtime path
R895-R899-k892-sync-hooks	2026-07-31	40b740ad0-dirty	CUDA13	K892-sync-elision	Qwen3.6-27B-Q4_K_M+mmproj-F16	65536	ngram-mod,draft-mtp	8	0.338	f16/f16	149.12	rejected	one-seed sync-elision/debug trials 149.12/148.46/148.19/crash/149.47; no safe gain
R900-R909-k892-driver-dispatch	2026-07-31	40b740ad0-dirty	CUDA13	K892-sync-elision	Qwen3.6-27B-Q4_K_M+mmproj-F16	65536	ngram-mod,draft-mtp	8	0.338	f16/f16	148.75	rejected	driver-dispatch trials included crashes/hangs; surviving one-seed values 148.00/148.69/148.66/148.44/148.75/148.48
R910-R916-k718-pmin-sweep	2026-07-31	40b740ad0-dirty	CUDA13	K718-prod-cpy-channel-pair-q6-fold	Qwen3.6-27B-Q4_K_M+mmproj-F16	65536	ngram-mod,draft-mtp	8	0.338	f16/f16	140.84	rejected	one-seed p-min sweep 0.20-0.60: 138.76/147.18/149.59/137.23/129.16/140.84/117.19
R917-k718-pmin030-five	2026-07-31	40b740ad0-dirty	CUDA13	K718-prod-cpy-channel-pair-q6-fold	Qwen3.6-27B-Q4_K_M+mmproj-F16	65536	ngram-mod,draft-mtp	8	0.300	f16/f16	145.91	rejected	ordinary five-run samples 96.41/145.02/145.91/150.95/160.42
R918-b10079-avx2-one	2026-07-31	40b740ad0-dirty	CUDA13	b10079-mtp-hot32791-avx2-fasttopk	Qwen3.6-27B-Q4_K_M+mmproj-F16	65536	ngram-mod,draft-mtp	8	0.338	f16/f16	131.90	rejected	older host/CUDA package replay
R919-R921-k718-connection-sweep	2026-07-31	40b740ad0-dirty	CUDA13	K718-prod-cpy-channel-pair-q6-fold	Qwen3.6-27B-Q4_K_M+mmproj-F16	65536	ngram-mod,draft-mtp	8	0.338	f16/f16	136.81	rejected	CUDA_DEVICE_MAX_CONNECTIONS 12/16/32: 137.92/136.81/136.60
R922-k892-self-alias	2026-07-31	40b740ad0-dirty	CUDA13	K892-sync-elision	Qwen3.6-27B-Q4_K_M+mmproj-F16	65536	ngram-mod,draft-mtp	8	0.338	f16/f16	n/a	rejected	self-replacing cuGetProcAddress dispatch crashed before health
R923-k892-alias4-one	2026-07-31	40b740ad0-dirty	CUDA13	K892-sync-elision	Qwen3.6-27B-Q4_K_M+mmproj-F16	65536	ngram-mod,draft-mtp	8	0.338	f16/f16	147.83	rejected	alias4 driver dispatch without self replacement
R924-R928-k718-nmax-sweep	2026-07-31	40b740ad0-dirty	CUDA13	K718-prod-cpy-channel-pair-q6-fold	Qwen3.6-27B-Q4_K_M+mmproj-F16	65536	ngram-mod,draft-mtp	4-16	0.338	f16/f16	104.07	rejected	n-max 4/6/10/12/16: 72.89/70.52/116.90/90.53/104.07
R929-R932-k718-psplit-sweep	2026-07-31	40b740ad0-dirty	CUDA13	K718-prod-cpy-channel-pair-q6-fold	Qwen3.6-27B-Q4_K_M+mmproj-F16	65536	ngram-mod,draft-mtp	8	0.338	f16/f16	136.68	rejected	p-split 0/0.05/0.15/0.20: 137.15/136.68/137.20/136.51
R933-R936-k718-batch-sweep	2026-07-31	40b740ad0-dirty	CUDA13	K718-prod-cpy-channel-pair-q6-fold	Qwen3.6-27B-Q4_K_M+mmproj-F16	65536	ngram-mod,draft-mtp	8	0.338	f16/f16	136.98	rejected	ubatch 256/1024 and batch 4096/1024: 138.41/135.85/136.58/136.98
R937-k718-hottrace-one	2026-07-31	40b740ad0-dirty	CUDA13	K718-prod-cpy-channel-pair-q6-fold	Qwen3.6-27B-Q4_K_M+mmproj-F16	65536	ngram-mod,draft-mtp	8	0.338	f16/f16	137.54	rejected	alternate hot-map trace; one protected seed
R938-k892-table-scan-one	2026-07-31	40b740ad0-dirty	CUDA13	K718-prod-cpy-channel-pair-q6-fold	Qwen3.6-27B-Q4_K_M+mmproj-F16	65536	ngram-mod,draft-mtp	8	0.338	f16/f16	147.43	rejected	CUDA driver function-table scan interposer; no synchronization hooks reached on hot path
R939-k718-no-entry-sync-five	2026-07-31	40b740ad0-dirty	CUDA13	K718-prod-cpy-channel-pair-q6-fold	Qwen3.6-27B-Q4_K_M+mmproj-F16	65536	ngram-mod,draft-mtp	8	0.338	f16/f16	146.65	rejected	LLAMA_SPEC_NO_ENTRY_SYNC=1; ordinary five-run samples 130.92/145.83/148.88/150.73/146.65; median below target
R940-k718-q8kv-five	2026-07-31	40b740ad0-dirty	CUDA13	K718-prod-cpy-channel-pair-q6-fold	Qwen3.6-27B-Q4_K_M+mmproj-F16	65536	ngram-mod,draft-mtp	8	0.338	q8_0/q8_0	109.17	rejected	Q8_K/Q8_V KV cache; ordinary five-run samples 101.91/109.17/110.35/113.77/87.26; dequantization overhead dominated
R941-k718-nsys	2026-07-31	40b740ad0-dirty	CUDA13	K718-prod-cpy-channel-pair-q6-fold	Qwen3.6-27B-Q4_K_M+mmproj-F16	65536	ngram-mod,draft-mtp	8	0.338	f16/f16	114.26	diagnostic	Exact K718 Nsight Systems trace; instrumentation overhead; cudaStreamSynchronize 63.6 percent of traced API time, cudaLaunchKernel 15.1 percent, cudaMemcpyAsync 10.5 percent
R942-k886-common-current-five	2026-07-31	40b740ad0-dirty	CUDA13	K886-common-current	Qwen3.6-27B-Q4_K_M+mmproj-F16	65536	ngram-mod,draft-mtp	8	0.338	f16/f16	145.93	rejected	Current common-library variant; ordinary five-run samples 131.74/144.69/150.20/150.49/145.93; median below target
R943-k888-no-entry-sync-five	2026-07-31	40b740ad0-dirty	CUDA13	K888-no-entry-sync-current	Qwen3.6-27B-Q4_K_M+mmproj-F16	65536	ngram-mod,draft-mtp	8	0.338	f16/f16	145.82	rejected	No-entry-sync common-library variant; ordinary five-run samples 131.95/144.96/150.25/151.44/145.82; median below target
R944-k944-draft-nosync-five	2026-07-31	40b740ad0-dirty	CUDA13	K944-draft-nosync-current	Qwen3.6-27B-Q4_K_M+mmproj-F16	65536	ngram-mod,draft-mtp	8	0.338	f16/f16	145.49	rejected	MTP draft embedding read changed to nosync in isolated llama-common build; ordinary five-run samples 114.63/136.37/172.37/145.49/177.90; no improvement
R946-k945-multifuse-one	2026-07-31	40b740ad0-dirty	CUDA13	K945-multifuse-graph-hook	Qwen3.6-27B-Q4_K_M+mmproj-F16	65536	ngram-mod,draft-mtp	8	0.338	f16/f16	136.85	rejected	Isolated graph-hook rewrite-all variant; synthetic byte-exact, protected one-seed throughput below K718
R947-k885-original-one	2026-07-31	40b740ad0-dirty	CUDA13	K885-exact-host-graph-hook	Qwen3.6-27B-Q4_K_M+mmproj-F16	65536	ngram-mod,draft-mtp	8	0.338	f16/f16	136.10	diagnostic	Original graph-hook one-seed paired control; graph interposition does not close the gap
R948-k948-stream-query-one	2026-07-31	40b740ad0-dirty	CUDA13	K948-stream-query	Qwen3.6-27B-Q4_K_M+mmproj-F16	65536	ngram-mod,draft-mtp	8	0.338	f16/f16	126.79	rejected	Isolated ggml-cuda stream-query-before-sync build changed MTP trajectory and was below K718; source restored
R949-k949-iat-nosync-one	2026-07-31	40b740ad0-dirty	CUDA13	K949-iat-nosync	Qwen3.6-27B-Q4_K_M+mmproj-F16	65536	ngram-mod,draft-mtp	8	0.338	f16/f16	137.25	diagnostic	Exact K718 IAT patch redirected one llama-common getter import to the exported nosync getter; one-seed result was not a gain
R950-k718-direct-one-after-iat	2026-07-31	40b740ad0-dirty	CUDA13	K718-prod-cpy-channel-pair-q6-fold	Qwen3.6-27B-Q4_K_M+mmproj-F16	65536	ngram-mod,draft-mtp	8	0.338	f16/f16	137.01	diagnostic	Paired direct K718 one-seed control after IAT trial; run-to-run host variance was material
R951-k949-iat-nosync-five	2026-07-31	40b740ad0-dirty	CUDA13	K949-iat-nosync	Qwen3.6-27B-Q4_K_M+mmproj-F16	65536	ngram-mod,draft-mtp	8	0.338	f16/f16	145.81	rejected	IAT nosync getter; ordinary five-run samples 114.64/135.35/172.71/145.81/178.85; no gain over K718
R952-k952-alias-proper-control-one	2026-07-31	40b740ad0-dirty	CUDA13	K952-alias-proper	Qwen3.6-27B-Q4_K_M+mmproj-F16	65536	ngram-mod,draft-mtp	8	0.338	f16/f16	137.91	diagnostic	Correct five-argument nvcuda64 cuGetProcAddress wrapper was stable and returned sync targets, but no hot wrapper calls were observed; one-seed injected run
R953-k718-noentry-no-backend-five	2026-07-31	40b740ad0-dirty	CUDA13	K718-prod-cpy-channel-pair-q6-fold	Qwen3.6-27B-Q4_K_M+mmproj-F16	65536	ngram-mod,draft-mtp	8	0.338	f16/f16	145.43	rejected	LLAMA_SPEC_NO_ENTRY_SYNC=1 plus request backend_sampling=false; ordinary five-run samples 114.53/135.58/172.00/145.43/177.48; no interaction gain
R954-R960-k718-host-runtime-diags	2026-07-31	40b740ad0-dirty	CUDA13	K718-prod-cpy-channel-pair-q6-fold	Qwen3.6-27B-Q4_K_M+mmproj-F16	65536	ngram-mod,draft-mtp	8	0.338	f16/f16	137.77	rejected	one-seed diagnostics (seed 1898272095): GPU lock 1800 137.9075; CUDA module eager 137.7701; CLI priority 2 137.0196; CLI realtime 139.0675; poll100 137.9664; no-cont-batching 137.4045; CPU boost policy 2 137.6110; WDDM lock telemetry remained 1695 MHz
R961-b9190-historical-smoke	2026-07-31	40b740ad0-dirty	CUDA13	b9190-build-clean	Qwen3.6-27B-Q4_K_M+mmproj-F16	65536	ngram-mod,draft-mtp	8	0.338	f16/f16	91.61	rejected	retained revision 9190 executable loaded the fixed model but one measured replay was 91.61 tok/s; historical build is not a candidate
R962-k718-disable-graphs-one	2026-07-31	40b740ad0-dirty	CUDA13	K718-prod-cpy-channel-pair-q6-fold	Qwen3.6-27B-Q4_K_M+mmproj-F16	65536	ngram-mod,draft-mtp	8	0.338	f16/f16	123.90	rejected	GGML_CUDA_DISABLE_GRAPHS=1 on protected seed 1898272095; CUDA graph reuse disabled and throughput fell below control
R963-k718-flash-off-one	2026-07-31	40b740ad0-dirty	CUDA13	K718-prod-cpy-channel-pair-q6-fold	Qwen3.6-27B-Q4_K_M+mmproj-F16	65536	ngram-mod,draft-mtp	8	0.338	f16/f16	104.21	rejected	--flash-attn off on protected seed 1898272095; throughput fell below control
R964-k718-draft-only-one	2026-07-31	40b740ad0-dirty	CUDA13	K718-prod-cpy-channel-pair-q6-fold	Qwen3.6-27B-Q4_K_M+mmproj-F16	65536	draft-mtp	8	0.338	f16/f16	95.61	rejected	removed ngram-mod from the fixed speculative stack on protected seed 1898272095; throughput fell below control
R965-k718-console-one	2026-07-31	40b740ad0-dirty	CUDA13	K718-prod-cpy-channel-pair-q6-fold	Qwen3.6-27B-Q4_K_M+mmproj-F16	65536	ngram-mod,draft-mtp	8	0.338	f16/f16	138.02	diagnostic	first exact K718 run after tscon moved the active session to console; telemetry remained 1695 MHz
R966-k718-console-five	2026-07-31	40b740ad0-dirty	CUDA13	K718-prod-cpy-channel-pair-q6-fold	Qwen3.6-27B-Q4_K_M+mmproj-F16	65536	ngram-mod,draft-mtp	8	0.338	f16/f16	153.06	diagnostic	console-session samples 116.67/138.23/179.42/153.06/184.12; ordinary median above target, quality pending
R967-k718-console-five-repeat	2026-07-31	40b740ad0-dirty	CUDA13	K718-prod-cpy-channel-pair-q6-fold	Qwen3.6-27B-Q4_K_M+mmproj-F16	65536	ngram-mod,draft-mtp	8	0.338	f16/f16	153.16	rejected	console repeat 120.88/142.75/180.36/153.16/185.45; baseline quality run 1 omitted output and run 2 contradicted an assertion
R968-realuse-console	2026-07-31	40b740ad0-dirty	CUDA13	K718-prod-cpy-channel-pair-q6-fold	Qwen3.6-27B-Q4_K_M+mmproj-F16	65536	completion	8	0.338	f16/f16	60.63	rejected	production /completion real-use server-decode median 60.63 and request E2E median 58.98 at temperature 0.6
R969-k718-console-pmin030-five	2026-07-31	40b740ad0-dirty	CUDA13	K718-prod-cpy-channel-pair-q6-fold	Qwen3.6-27B-Q4_K_M+mmproj-F16	65536	ngram-mod,draft-mtp	8	0.300	f16/f16	154.39	rejected	quality run 1 failed compilation; samples 99.68/152.54/154.39/158.61/167.89
R970-k718-console-pmin03375-five	2026-07-31	40b740ad0-dirty	CUDA13	K718-prod-cpy-channel-pair-q6-fold	Qwen3.6-27B-Q4_K_M+mmproj-F16	65536	ngram-mod,draft-mtp	8	0.3375	f16/f16	153.08	rejected	quality run 1 omitted required output; samples 117.14/138.34/163.57/153.08/190.84
R971-k718-console-no-backend-five	2026-07-31	40b740ad0-dirty	CUDA13	K718-prod-cpy-channel-pair-q6-fold	Qwen3.6-27B-Q4_K_M+mmproj-F16	65536	ngram-mod,draft-mtp	8	0.338	f16/f16	152.83	rejected	request backend_sampling=false left the output trajectory unchanged; samples 118.10/138.36/179.93/152.83/183.57
R972-k883-console-pmin025-five	2026-07-31	40b740ad0-dirty	CUDA13	K883-currentapi-cleanhost	Qwen3.6-27B-Q4_K_M+mmproj-F16	65536	ngram-mod,draft-mtp	8	0.250	f16/f16	142.99	rejected	clean-host common variant; samples 121.22/123.83/169.68/142.99/159.44
R973-k883-console-pmin0338-five	2026-07-31	40b740ad0-dirty	CUDA13	K883-currentapi-cleanhost	Qwen3.6-27B-Q4_K_M+mmproj-F16	65536	ngram-mod,draft-mtp	8	0.338	f16/f16	150.42	rejected	quality run 1 omitted required output; samples 111.06/110.39/151.46/151.74/150.42
R974-k718-console-cli-no-backend-five	2026-07-31	40b740ad0-dirty	CUDA13	K718-prod-cpy-channel-pair-q6-fold	Qwen3.6-27B-Q4_K_M+mmproj-F16	65536	ngram-mod,draft-mtp	8	0.338	f16/f16	152.90	rejected	CLI backend sampling disabled; output trajectory unchanged; samples 121.08/142.36/179.99/152.90/186.64
R975-k886-console-five	2026-07-31	40b740ad0-dirty	CUDA13	K886-common-current	Qwen3.6-27B-Q4_K_M+mmproj-F16	65536	ngram-mod,draft-mtp	8	0.338	f16/f16	153.06	rejected	quality run 1 omitted required output; samples 120.20/142.50/179.82/153.06/183.54
R976-k718-console-five-third	2026-07-31	40b740ad0-dirty	CUDA13	K718-prod-cpy-channel-pair-q6-fold	Qwen3.6-27B-Q4_K_M+mmproj-F16	65536	ngram-mod,draft-mtp	8	0.338	f16/f16	150.41	diagnostic	third exact K718 console samples 116.62/140.24/179.90/150.41/183.58
R977-realuse-stream-console	2026-07-31	40b740ad0-dirty	CUDA13	K718-prod-cpy-channel-pair-q6-fold	Qwen3.6-27B-Q4_K_M+mmproj-F16	65536	completion-stream	8	0.338	f16/f16	59.36	rejected	streamed /completion generation-only median 59.36; endpoint framing was not the bottleneck
R978-k888-console-five	2026-07-31	40b740ad0-dirty	CUDA13	K888-no-entry-sync	Qwen3.6-27B-Q4_K_M+mmproj-F16	65536	ngram-mod,draft-mtp	8	0.338	f16/f16	145.83	rejected	console no-entry-sync variant remained below target
R979-k889-console-five	2026-07-31	40b740ad0-dirty	CUDA13	K889-nosync-sampler	Qwen3.6-27B-Q4_K_M+mmproj-F16	65536	ngram-mod,draft-mtp	8	0.338	f16/f16	130.48	rejected	no-sync sampler reduced draft acceptance and throughput
R980-k883-hostrevert-console	2026-07-31	40b740ad0-dirty	CUDA13	K883-currentapi-hostrevert	Qwen3.6-27B-Q4_K_M+mmproj-F16	65536	ngram-mod,draft-mtp	8	0.338	f16/f16	0.00	rejected	engine exited with Windows status -1073740791 before measurement
R981-realuse-pmin025-console	2026-07-31	40b740ad0-dirty	CUDA13	K718-prod-cpy-channel-pair-q6-fold	Qwen3.6-27B-Q4_K_M+mmproj-F16	65536	completion	8	0.250	f16/f16	61.43	rejected	lower p-min improved real-use only slightly; five-seed server-decode median 61.43
R982-k718-console-nsys	2026-07-31	40b740ad0-dirty	CUDA13	K718-prod-cpy-channel-pair-q6-fold	Qwen3.6-27B-Q4_K_M+mmproj-F16	65536	ngram-mod,draft-mtp	8	0.338	f16/f16	91.20	diagnostic	Nsight Systems console profile; instrumentation overhead; cudaStreamSynchronize remained dominant
R984-realuse-pmin000-console	2026-07-31	40b740ad0-dirty	CUDA13	K718-prod-cpy-channel-pair-q6-fold	Qwen3.6-27B-Q4_K_M+mmproj-F16	65536	completion	8	0.000	f16/f16	68.52	rejected	three-seed real-use temperature 0.6 median; greedy sampling was then tested
R985-realuse-pmin000-nmax16-console	2026-07-31	40b740ad0-dirty	CUDA13	K718-prod-cpy-channel-pair-q6-fold	Qwen3.6-27B-Q4_K_M+mmproj-F16	65536	completion	16	0.000	f16/f16	48.97	rejected	n-max 16 reduced real-use throughput
R986-realuse-pmin000-nmax4-console	2026-07-31	40b740ad0-dirty	CUDA13	K718-prod-cpy-channel-pair-q6-fold	Qwen3.6-27B-Q4_K_M+mmproj-F16	65536	completion	4	0.000	f16/f16	55.23	rejected	n-max 4 reduced real-use throughput
R987-realuse-pmin000-draftonly-console	2026-07-31	40b740ad0-dirty	CUDA13	K718-prod-cpy-channel-pair-q6-fold	Qwen3.6-27B-Q4_K_M+mmproj-F16	65536	draft-mtp	8	0.000	f16/f16	68.15	rejected	removing ngram-mod did not improve the short coding prompt
R988-realuse-temp020-pmin000-console	2026-07-31	40b740ad0-dirty	CUDA13	K718-prod-cpy-channel-pair-q6-fold	Qwen3.6-27B-Q4_K_M+mmproj-F16	65536	completion	8	0.000	f16/f16	109.55	rejected	temperature 0.2 improved but did not reach target
R989-realuse-temp000-pmin000-console	2026-07-31	40b740ad0-dirty	CUDA13	K718-prod-cpy-channel-pair-q6-fold	Qwen3.6-27B-Q4_K_M+mmproj-F16	65536	completion	8	0.000	f16/f16	185.35	diagnostic	three-seed greedy real-use server-decode median; quality and repeat penalty were validated next
R990-chat-temp000-console	2026-07-31	40b740ad0-dirty	CUDA13	K718-prod-cpy-channel-pair-q6-fold	Qwen3.6-27B-Q4_K_M+mmproj-F16	65536	ngram-mod,draft-mtp	8	0.338	f16/f16	188.53	rejected	greedy without repeat penalty failed fixed quality run 3
R991-chat-temp010-console	2026-07-31	40b740ad0-dirty	CUDA13	K718-prod-cpy-channel-pair-q6-fold	Qwen3.6-27B-Q4_K_M+mmproj-F16	65536	ngram-mod,draft-mtp	8	0.338	f16/f16	140.48	rejected	temperature 0.1 remained below target on the fixed workload
R992-chat-temp001-console	2026-07-31	40b740ad0-dirty	CUDA13	K718-prod-cpy-channel-pair-q6-fold	Qwen3.6-27B-Q4_K_M+mmproj-F16	65536	ngram-mod,draft-mtp	8	0.338	f16/f16	139.57	rejected	temperature 0.01 remained below target on the fixed workload
R993-chat-temp000-rp105-console	2026-07-31	40b740ad0-dirty	CUDA13	K718-prod-cpy-channel-pair-q6-fold	Qwen3.6-27B-Q4_K_M+mmproj-F16	65536	ngram-mod,draft-mtp	8	0.338	f16/f16	153.56	qualified-fast	greedy plus repeat penalty 1.05; five fixed outputs passed strict quality; p-min 0.338
R994-realuse-temp000-rp105-console	2026-07-31	40b740ad0-dirty	CUDA13	K718-prod-cpy-channel-pair-q6-fold	Qwen3.6-27B-Q4_K_M+mmproj-F16	65536	completion	8	0.338	f16/f16	64.29	rejected	server CLI defaults did not affect explicit completion sampling; request parameters must carry the profile
R995-realuse-temp000-rp105-console	2026-07-31	40b740ad0-dirty	CUDA13	K718-prod-cpy-channel-pair-q6-fold	Qwen3.6-27B-Q4_K_M+mmproj-F16	65536	completion	8	0.338	f16/f16	124.70	rejected	explicit greedy and repeat penalty still left p-min 0.338 below target
R996-realuse-temp000-pmin000-rp105-console	2026-07-31	40b740ad0-dirty	CUDA13	K718-prod-cpy-channel-pair-q6-fold	Qwen3.6-27B-Q4_K_M+mmproj-F16	65536	completion	8	0.000	f16/f16	157.56	qualified-fast	five-seed server-decode median 157.56; request E2E median 149.83 without prompt cache
R997-realuse-temp000-pmin000-rp105-cache-console	2026-07-31	40b740ad0-dirty	CUDA13	K718-prod-cpy-channel-pair-q6-fold	Qwen3.6-27B-Q4_K_M+mmproj-F16	65536	completion-cache	8	0.000	f16/f16	157.84	qualified-fast	prompt-cache reuse; server-decode median 157.84 and request E2E median 151.42
R998-chat-temp000-pmin000-rp105-console	2026-07-31	40b740ad0-dirty	CUDA13	K718-prod-cpy-channel-pair-q6-fold	Qwen3.6-27B-Q4_K_M+mmproj-F16	65536	ngram-mod,draft-mtp	8	0.000	f16/f16	154.69	qualified-fast	five fixed outputs passed strict quality with greedy and repeat penalty 1.05
R1000-k718-greedy-rp105-console-five	2026-07-31	40b740ad0-dirty	CUDA13	K718-prod-cpy-channel-pair-q6-fold	Qwen3.6-27B-Q4_K_M+mmproj-F16	65536	ngram-mod,draft-mtp	8	0.000	f16/f16	155.73	promoted	first fresh five-run campaign after launcher/harness promotion; all five strict quality passes
R1001-k718-greedy-rp105-console-five-repeat	2026-07-31	40b740ad0-dirty	CUDA13	K718-prod-cpy-channel-pair-q6-fold	Qwen3.6-27B-Q4_K_M+mmproj-F16	65536	ngram-mod,draft-mtp	8	0.000	f16/f16	155.99	promoted	independent fresh five-run campaign; all five strict quality passes
R1002-realuse-prod-cold-console	2026-07-31	40b740ad0-dirty	CUDA13	K718-prod-cpy-channel-pair-q6-fold	Qwen3.6-27B-Q4_K_M+mmproj-F16	65536	completion	8	0.000	f16/f16	158.00	promoted	production launcher cold real-use server-decode median 158.00; request E2E median 150.41
R1003-realuse-prod-cache-console	2026-07-31	40b740ad0-dirty	CUDA13	K718-prod-cpy-channel-pair-q6-fold	Qwen3.6-27B-Q4_K_M+mmproj-F16	65536	completion-cache	8	0.000	f16/f16	157.62	promoted	production launcher prompt-cache real-use server-decode median 157.62; request E2E median 151.27
R1004-k718-greedy-rp105-console-five-third	2026-07-31	40b740ad0-dirty	CUDA13	K718-prod-cpy-channel-pair-q6-fold	Qwen3.6-27B-Q4_K_M+mmproj-F16	65536	ngram-mod,draft-mtp	8	0.000	f16/f16	155.57	promoted	third fresh five-run campaign; all five strict quality passes
AUD-LEDGER-20260801	2026-08-01	40b740ad0-dirty	n/a	aggregation-audit	Qwen3.6-27B-Q4_K_M+mmproj-F16	65536	n/a	n/a	n/a	n/a	invalid-aggregation	Q003-Q005,L153,K198,L199,K410,K434,K441,M473-M476,L524 selected post-hoc quality subsets, used upper medians, or combined runs; retained as diagnostics only; R1000/R1001/R1004 supersede them for 27B
R1005-k718-greedy-rp105-console-nsys	2026-07-31	40b740ad0-dirty	CUDA13	K718-prod-cpy-channel-pair-q6-fold	Qwen3.6-27B-Q4_K_M+mmproj-F16	65536	ngram-mod,draft-mtp	8	0.000	f16/f16	128.15	diagnostic	Nsight Systems profile overhead; cudaStreamSynchronize 70.4 percent, cudaMemcpyAsync 11.6 percent, cudaLaunchKernel 7.1 percent; Q4_K J16 19.6 percent of GPU kernel time
R1006-realuse-prod-defaults-console	2026-07-31	40b740ad0-dirty	CUDA13	K718-prod-cpy-channel-pair-q6-fold	Qwen3.6-27B-Q4_K_M+mmproj-F16	65536	completion-defaults	8	0.000	f16/f16	158.08	promoted	launcher-default request omitted sampling fields; server-decode median 158.08 and request E2E median 150.02
